{
    "sources": [
        {
            "type": "single",
            "resource": "minecraft:blockbench/adventure_time"
        },
        {
            "type": "single",
            "resource": "minecraft:blockbench/alex_hat"
        },
        {
            "type": "single",
            "resource": "minecraft:blockbench/archeology_hat_blue"
        },
        {
            "type": "single",
            "resource": "minecraft:blockbench/archeology_hat_blue3"
        },
        {
            "type": "single",
            "resource": "minecraft:blockbench/archeology_hat_blue2"
        },
        {
            "type": "single",
            "resource": "minecraft:blockbench/archeology_hat_green"
        },
        {
            "type": "single",
            "resource": "minecraft:blockbench/archeology_hat_green2"
        },
        {
            "type": "single",
            "resource": "minecraft:blockbench/archeology_hat_tan"
        },
        {
            "type": "single",
            "resource": "minecraft:blockbench/archeology_hat_tan2"
        },
        {
            "type": "single",
            "resource": "minecraft:blockbench/ari_hat"
        },
        {
            "type": "single",
            "resource": "minecraft:blockbench/bee_hat"
        },
        {
            "type": "single",
            "resource": "minecraft:blockbench/brown_hat"
        },
        {
            "type": "single",
            "resource": "minecraft:blockbench/cake_daddy"
        },
        {
            "type": "single",
            "resource": "minecraft:blockbench/camera_eye_implant"
        },
        {
            "type": "single",
            "resource": "minecraft:blockbench/chicken_cap"
        },
        {
            "type": "single",
            "resource": "minecraft:blockbench/copper_golem_mask"
        },
        {
            "type": "single",
            "resource": "minecraft:blockbench/cowpoke_hide"
        },
        {
            "type": "single",
            "resource": "minecraft:blockbench/creeper_hide_hat"
        },
        {
            "type": "single",
            "resource": "minecraft:blockbench/creeper_hide_hat_tnt_spark"
        },
        {
            "type": "single",
            "resource": "minecraft:blockbench/donkey_hide_hood"
        },
        {
            "type": "single",
            "resource": "minecraft:blockbench/dripleaf_widebrim"
        },
        {
            "type": "single",
            "resource": "minecraft:blockbench/efe_hat"
        },
        {
            "type": "single",
            "resource": "minecraft:blockbench/enderman_hide_hat"
        },
        {
            "type": "single",
            "resource": "minecraft:blockbench/ender_dragon_details"
        },
        {
            "type": "single",
            "resource": "minecraft:blockbench/ender_dragon_hide_hat"
        },
        {
            "type": "single",
            "resource": "minecraft:blockbench/flight_helmet"
        },
        {
            "type": "single",
            "resource": "minecraft:blockbench/flight_helmet2"
        },
        {
            "type": "single",
            "resource": "minecraft:blockbench/fox_hide_hat"
        },
        {
            "type": "single",
            "resource": "minecraft:blockbench/georgia_devil"
        },
        {
            "type": "single",
            "resource": "minecraft:blockbench/ghast_mask"
        },
        {
            "type": "single",
            "resource": "minecraft:blockbench/ghast_goggles"
        },
        {
            "type": "single",
            "resource": "minecraft:blockbench/ghast_breather"
        },
        {
            "type": "single",
            "resource": "minecraft:blockbench/ghast_furnace"
        },
        {
            "type": "single",
            "resource": "minecraft:blockbench/glare_hide_hat2"
        },
        {
            "type": "single",
            "resource": "minecraft:blockbench/glare_hide_hat"
        },
        {
            "type": "single",
            "resource": "minecraft:blockbench/goat_skin_hat"
        },
        {
            "type": "single",
            "resource": "minecraft:blockbench/grandpas_hat"
        },
        {
            "type": "single",
            "resource": "minecraft:blockbench/guardian_eye_mask"
        },
        {
            "type": "single",
            "resource": "minecraft:blockbench/guardian_fin"
        },
        {
            "type": "single",
            "resource": "minecraft:blockbench/guardian_beam"
        },
        {
            "type": "single",
            "resource": "minecraft:blockbench/hoglin_hat"
        },
        {
            "type": "single",
            "resource": "minecraft:blockbench/horse_skull_mask"
        },
        {
            "type": "single",
            "resource": "minecraft:blockbench/iron_golem_mask"
        },
        {
            "type": "single",
            "resource": "minecraft:blockbench/iron_golem_gears"
        },
        {
            "type": "single",
            "resource": "minecraft:blockbench/kia_hat"
        },
        {
            "type": "single",
            "resource": "minecraft:blockbench/king_trisekiel"
        },
        {
            "type": "single",
            "resource": "minecraft:blockbench/legendary_goat_hood"
        },
        {
            "type": "single",
            "resource": "minecraft:blockbench/log_hood"
        },
        {
            "type": "single",
            "resource": "minecraft:blockbench/makena_hat"
        },
        {
            "type": "single",
            "resource": "minecraft:blockbench/mining_helmet"
        },
        {
            "type": "single",
            "resource": "minecraft:blockbench/moobloom_hide"
        },
        {
            "type": "single",
            "resource": "minecraft:blockbench/mooshroom_hide"
        },
        {
            "type": "single",
            "resource": "minecraft:blockbench/mossy_cap"
        },
        {
            "type": "single",
            "resource": "minecraft:blockbench/noor_hat"
        },
        {
            "type": "single",
            "resource": "minecraft:blockbench/ocelot_hide_hood"
        },
        {
            "type": "single",
            "resource": "minecraft:blockbench/phantom_hide"
        },
        {
            "type": "single",
            "resource": "minecraft:blockbench/pillager_hat"
        },
        {
            "type": "single",
            "resource": "minecraft:blockbench/plague_cleric"
        },
        {
            "type": "single",
            "resource": "minecraft:blockbench/plague_doctor"
        },
        {
            "type": "single",
            "resource": "minecraft:blockbench/platypus_cap"
        },
        {
            "type": "single",
            "resource": "minecraft:blockbench/polar_bear_hood"
        },
        {
            "type": "single",
            "resource": "minecraft:blockbench/pufferfish_hide"
        },
        {
            "type": "single",
            "resource": "minecraft:blockbench/ravager_hat"
        },
        {
            "type": "single",
            "resource": "minecraft:blockbench/salmon_scaled_hat"
        },
        {
            "type": "single",
            "resource": "minecraft:blockbench/sculk_helsing"
        },
        {
            "type": "single",
            "resource": "minecraft:blockbench/sniffer_hide_hat"
        },
        {
            "type": "single",
            "resource": "minecraft:blockbench/sniffer_hide_hat2"
        },
        {
            "type": "single",
            "resource": "minecraft:blockbench/spectacles_f"
        },
        {
            "type": "single",
            "resource": "minecraft:blockbench/spectacles_m"
        },
        {
            "type": "single",
            "resource": "minecraft:blockbench/steve_hat"
        },
        {
            "type": "single",
            "resource": "minecraft:blockbench/straw_hat"
        },
        {
            "type": "single",
            "resource": "minecraft:blockbench/sunny_hat"
        },
        {
            "type": "single",
            "resource": "minecraft:blockbench/tuff_golem_mask"
        },
        {
            "type": "single",
            "resource": "minecraft:blockbench/van_helsing"
        },
        {
            "type": "single",
            "resource": "minecraft:blockbench/warden_crown"
        },
        {
            "type": "single",
            "resource": "minecraft:blockbench/warden_top"
        },
        {
            "type": "single",
            "resource": "minecraft:blockbench/warden_brim"
        },
        {
            "type": "single",
            "resource": "minecraft:blockbench/brim_bits"
        },
        {
            "type": "single",
            "resource": "minecraft:blockbench/warden_horn"
        },
        {
            "type": "single",
            "resource": "minecraft:blockbench/warden_sculk_tendrils"
        },
        {
            "type": "single",
            "resource": "minecraft:blockbench/wither_skull_hat"
        },
        {
            "type": "single",
            "resource": "minecraft:blockbench/soul_fire_brim"
        },
        {
            "type": "single",
            "resource": "minecraft:blockbench/soul_fire_top"
        },
        {
            "type": "single",
            "resource": "minecraft:blockbench/zombie_horse_hood"
        },
        {
            "type": "single",
            "resource": "minecraft:blockbench/zuri_hat"
        },
        {
            "type": "single",
            "resource": "minecraft:skins/paco"
        },
        {
            "type": "single",
            "resource": "minecraft:skins/alek"
        },
        {
            "type": "single",
            "resource": "minecraft:skins/mislav"
        },
        {
            "type": "single",
            "resource": "minecraft:skins/ramon"
        },
        {
            "type": "single",
            "resource": "minecraft:skins/jaume"
        },
        {
            "type": "single",
            "resource": "minecraft:skins/kris"
        }
    ]
}