{
	"parent": "item/handheld",
	"textures": {
		"layer0": "item/carved_pumpkin"
	},
	"overrides": [
		{ "predicate": { "custom_model_data": 0 }, "model": "block/carved_pumpkin" },
		{ "predicate": { "custom_model_data": 1 }, "model": "hats/archeology_hat_tan" },
		{ "predicate": { "custom_model_data": 2 }, "model": "hats/archeology_hat_blue" },
		{ "predicate": { "custom_model_data": 3 }, "model": "hats/zuri_hat" },
		{ "predicate": { "custom_model_data": 4 }, "model": "hats/makena_hat" },
		{ "predicate": { "custom_model_data": 5 }, "model": "hats/ghast_mask" },
		{ "predicate": { "custom_model_data": 6 }, "model": "hats/warden_hide_hat" },
		{ "predicate": { "custom_model_data": 7 }, "model": "hats/flight_helmet" },
		{ "predicate": { "custom_model_data": 8 }, "model": "hats/flight_helmet2" },
		{ "predicate": { "custom_model_data": 9 }, "model": "hats/camera_eye_implant" },
		{ "predicate": { "custom_model_data": 10 }, "model": "hats/dripleaf_widebrim" },
		{ "predicate": { "custom_model_data": 11 }, "model": "hats/tuff_golem_mask" },
		{ "predicate": { "custom_model_data": 12 }, "model": "hats/sunny_hat" },
		{ "predicate": { "custom_model_data": 13 }, "model": "hats/steve_hat" },
		{ "predicate": { "custom_model_data": 14 }, "model": "hats/sniffer_hide_hat" },
		{ "predicate": { "custom_model_data": 15 }, "model": "hats/noor_hat" },
		{ "predicate": { "custom_model_data": 16 }, "model": "hats/kia_hat" },
		{ "predicate": { "custom_model_data": 17 }, "model": "hats/glare_hide_hat" },
		{ "predicate": { "custom_model_data": 18 }, "model": "hats/efe_hat" },
		{ "predicate": { "custom_model_data": 19 }, "model": "hats/copper_golem_mask" },
		{ "predicate": { "custom_model_data": 20 }, "model": "hats/ari_hat" },
		{ "predicate": { "custom_model_data": 21 }, "model": "hats/archeology_hat_green" },
		{ "predicate": { "custom_model_data": 22 }, "model": "hats/alex_hat" },
		{ "predicate": { "custom_model_data": 23 }, "model": "hats/spectacles_m" },
		{ "predicate": { "custom_model_data": 24 }, "model": "hats/spectacles_f" },
		{ "predicate": { "custom_model_data": 25 }, "model": "hats/adventure_time" },
		{ "predicate": { "custom_model_data": 26 }, "model": "hats/guardian_eye_mask" },
		{ "predicate": { "custom_model_data": 27 }, "model": "hats/ender_dragon_hide_hat" },
		{ "predicate": { "custom_model_data": 28 }, "model": "hats/iron_golem_mask" },
		{ "predicate": { "custom_model_data": 29 }, "model": "hats/creeper_hide_hat" },
		{ "predicate": { "custom_model_data": 30 }, "model": "hats/pillager_hat" },
		{ "predicate": { "custom_model_data": 31 }, "model": "hats/polar_bear_hood" },
		{ "predicate": { "custom_model_data": 32 }, "model": "hats/ocelot_hide_hood" },
		{ "predicate": { "custom_model_data": 33 }, "model": "hats/zombie_horse_hood" },
		{ "predicate": { "custom_model_data": 34 }, "model": "hats/enderman_hide_hat" },
		{ "predicate": { "custom_model_data": 35 }, "model": "hats/donkey_hide_hood" },
		{ "predicate": { "custom_model_data": 36 }, "model": "hats/horse_skull_mask" },
		{ "predicate": { "custom_model_data": 37 }, "model": "hats/mooshroom_hide" },
		{ "predicate": { "custom_model_data": 38 }, "model": "hats/moobloom_hide" },
		{ "predicate": { "custom_model_data": 39 }, "model": "hats/pufferfish_hide" },
		{ "predicate": { "custom_model_data": 40 }, "model": "hats/salmon_scaled_hat" },
		{ "predicate": { "custom_model_data": 41 }, "model": "hats/log_hood" },
		{ "predicate": { "custom_model_data": 42 }, "model": "hats/chicken_cap" },
		{ "predicate": { "custom_model_data": 43 }, "model": "hats/wither_skull_hat" },
		{ "predicate": { "custom_model_data": 44 }, "model": "hats/ravager_hat" },
		{ "predicate": { "custom_model_data": 45 }, "model": "hats/platypus_cap" },
		{ "predicate": { "custom_model_data": 46 }, "model": "hats/fox_hide_hat" },
		{ "predicate": { "custom_model_data": 47 }, "model": "hats/bee_hat" },
		{ "predicate": { "custom_model_data": 48 }, "model": "hats/sculk_helsing" },
		{ "predicate": { "custom_model_data": 49 }, "model": "hats/king_trisekiel" },
		{ "predicate": { "custom_model_data": 50 }, "model": "hats/goat_skin_hat" },
		{ "predicate": { "custom_model_data": 51 }, "model": "hats/georgia_devil" },
		{ "predicate": { "custom_model_data": 52 }, "model": "hats/mining_helmet" },
		{ "predicate": { "custom_model_data": 53 }, "model": "hats/plague_cleric" },
		{ "predicate": { "custom_model_data": 54 }, "model": "hats/plague_doctor" },
		{ "predicate": { "custom_model_data": 55 }, "model": "hats/cowpoke_hide" },
		{ "predicate": { "custom_model_data": 56 }, "model": "hats/mossy_cap" },
		{ "predicate": { "custom_model_data": 57 }, "model": "hats/cake_daddy" },
		{ "predicate": { "custom_model_data": 58 }, "model": "hats/hoglin_hat" },
		{ "predicate": { "custom_model_data": 59 }, "model": "hats/van_helsing" },
		{ "predicate": { "custom_model_data": 60 }, "model": "hats/phantom_hide" },
		{ "predicate": { "custom_model_data": 61 }, "model": "hats/straw_hat" },
		{ "predicate": { "custom_model_data": 62 }, "model": "hats/legendary_goat_hood" },
		{ "predicate": { "custom_model_data": 63 }, "model": "hats/grandpas_hat" },
		{ "predicate": { "custom_model_data": 64 }, "model": "hats/brown_hat" }
	]
}