{
	"credit": "Made with Blockbench",
	"texture_size": [64, 64],
	"textures": {
		"0": "blockbench/ari_hat",
		"particle": "blockbench/ari_hat"
	},
	"elements": [
		{
			"from": [13, 7, 4],
			"to": [13, 12, 13],
			"faces": {
				"north": {"uv": [0, 0, 0, 1.25], "texture": "#0"},
				"east": {"uv": [0, 6, 2.25, 7.25], "texture": "#0"},
				"south": {"uv": [0, 0, 0, 1.25], "texture": "#0"},
				"west": {"uv": [5.25, 7, 7.5, 8.25], "texture": "#0"},
				"up": {"uv": [0, 2.25, 0, 0], "texture": "#0"},
				"down": {"uv": [0, 0, 0, 2.25], "texture": "#0"}
			}
		},
		{
			"from": [4, 12, 4],
			"to": [13, 12, 13],
			"faces": {
				"north": {"uv": [7.5, 4.75, 5.25, 2.5], "texture": "#0"},
				"east": {"uv": [7.5, 4.75, 5.25, 2.5], "texture": "#0"},
				"south": {"uv": [7.5, 4.75, 5.25, 2.5], "texture": "#0"},
				"west": {"uv": [7.5, 4.75, 5.25, 2.5], "texture": "#0"},
				"up": {"uv": [7.5, 4.75, 5.25, 2.5], "texture": "#0"},
				"down": {"uv": [7.5, 2.5, 5.25, 4.75], "texture": "#0"}
			}
		},
		{
			"from": [4, 7, 4],
			"to": [13, 12, 4],
			"faces": {
				"north": {"uv": [0, 7.25, 2.25, 8.5], "texture": "#0"},
				"east": {"uv": [0, 0, 0, 1.25], "texture": "#0"},
				"south": {"uv": [7.5, 2.5, 9.75, 3.75], "texture": "#0"},
				"west": {"uv": [0, 0, 0, 1.25], "texture": "#0"},
				"up": {"uv": [2.25, 0, 0, 0], "texture": "#0"},
				"down": {"uv": [2.25, 0, 0, 0], "texture": "#0"}
			}
		},
		{
			"from": [4, 7, 4],
			"to": [4, 12, 13],
			"faces": {
				"north": {"uv": [0, 0, 0, 1.25], "texture": "#0"},
				"east": {"uv": [7.5, 3.75, 9.75, 5], "texture": "#0"},
				"south": {"uv": [0, 0, 0, 1.25], "texture": "#0"},
				"west": {"uv": [7.5, 5, 9.75, 6.25], "texture": "#0"},
				"up": {"uv": [0, 2.25, 0, 0], "texture": "#0"},
				"down": {"uv": [0, 0, 0, 2.25], "texture": "#0"}
			}
		},
		{
			"from": [4, 7, 13],
			"to": [13, 12, 13],
			"faces": {
				"north": {"uv": [7.5, 6.25, 9.75, 7.5], "texture": "#0"},
				"east": {"uv": [0, 0, 0, 1.25], "texture": "#0"},
				"south": {"uv": [7.5, 7.5, 9.75, 8.75], "texture": "#0"},
				"west": {"uv": [0, 0, 0, 1.25], "texture": "#0"},
				"up": {"uv": [2.25, 0, 0, 0], "texture": "#0"},
				"down": {"uv": [2.25, 0, 0, 0], "texture": "#0"}
			}
		},
		{
			"from": [13.61978, 5.08666, 1],
			"to": [15.61978, 5.08666, 16],
			"rotation": {"angle": 22.5, "axis": "z", "origin": [9.00038, 7.00008, 7]},
			"faces": {
				"north": {"uv": [5, 12.25, 4.5, 8.5], "texture": "#0"},
				"east": {"uv": [5, 12.25, 4.5, 8.5], "texture": "#0"},
				"south": {"uv": [5, 12.25, 4.5, 8.5], "texture": "#0"},
				"west": {"uv": [5, 12.25, 4.5, 8.5], "texture": "#0"},
				"up": {"uv": [5, 12.25, 4.5, 8.5], "texture": "#0"},
				"down": {"uv": [5, 12.25, 4.5, 8.5], "texture": "#0"}
			}
		},
		{
			"from": [15.97474, 8.22517, 3],
			"to": [15.97474, 10.22517, 14],
			"rotation": {"angle": -45, "axis": "z", "origin": [15.35743, 8.14905, 6]},
			"faces": {
				"north": {"uv": [9.75, 5, 12.5, 5.5], "texture": "#0"},
				"east": {"uv": [9.75, 5, 12.5, 5.5], "texture": "#0"},
				"south": {"uv": [9.75, 5, 12.5, 5.5], "texture": "#0"},
				"west": {"uv": [9.75, 5, 12.5, 5.5], "texture": "#0"},
				"up": {"uv": [9.75, 5, 12.5, 5.5], "texture": "#0"},
				"down": {"uv": [9.75, 5, 12.5, 5.5], "texture": "#0"}
			}
		},
		{
			"from": [-1, 7, 0],
			"to": [4, 7, 17],
			"rotation": {"angle": 0, "axis": "y", "origin": [8, 7, 8]},
			"faces": {
				"north": {"uv": [0, 0, 1.25, 0], "texture": "#0"},
				"east": {"uv": [0, 0, 4.25, 0], "texture": "#0"},
				"south": {"uv": [0, 0, 1.25, 0], "texture": "#0"},
				"west": {"uv": [0, 0, 4.25, 0], "texture": "#0"},
				"up": {"uv": [5.25, 4.25, 4, 0], "texture": "#0"},
				"down": {"uv": [5.25, 4.25, 4, 8.5], "texture": "#0"}
			}
		},
		{
			"from": [0, 2, 0],
			"to": [0, 7, 17],
			"rotation": {"angle": 0, "axis": "y", "origin": [8, 7, 8]},
			"faces": {
				"north": {"uv": [5.25, 1.25, 9.5, 2.5], "texture": "#0"},
				"east": {"uv": [9.5, 1.25, 5.25, 2.5], "texture": "#0"},
				"south": {"uv": [5.25, 1.25, 9.5, 2.5], "texture": "#0"},
				"west": {"uv": [5.25, 1.25, 9.5, 2.5], "texture": "#0"},
				"up": {"uv": [5.25, 1.25, 9.5, 2.5], "texture": "#0"},
				"down": {"uv": [5.25, 1.25, 9.5, 2.5], "texture": "#0"}
			}
		},
		{
			"from": [4, 7, 0],
			"to": [13, 7, 4],
			"rotation": {"angle": 0, "axis": "y", "origin": [8, 7, 8]},
			"faces": {
				"north": {"uv": [7.5, 9.25, 5.25, 8.25], "texture": "#0"},
				"east": {"uv": [7.5, 9.25, 5.25, 8.25], "texture": "#0"},
				"south": {"uv": [7.5, 9.25, 5.25, 8.25], "texture": "#0"},
				"west": {"uv": [7.5, 9.25, 5.25, 8.25], "texture": "#0"},
				"up": {"uv": [7.5, 9.25, 5.25, 8.25], "texture": "#0"},
				"down": {"uv": [7.5, 8.25, 5.25, 9.25], "texture": "#0"}
			}
		},
		{
			"from": [13, 7, 0],
			"to": [14, 7, 17],
			"rotation": {"angle": 0, "axis": "y", "origin": [8, 7, 8]},
			"faces": {
				"north": {"uv": [5.75, 13.5, 5.5, 9.25], "texture": "#0"},
				"east": {"uv": [5.75, 13.5, 5.5, 9.25], "texture": "#0"},
				"south": {"uv": [5.75, 13.5, 5.5, 9.25], "texture": "#0"},
				"west": {"uv": [5.75, 13.5, 5.5, 9.25], "texture": "#0"},
				"up": {"uv": [5.75, 13.5, 5.5, 9.25], "texture": "#0"},
				"down": {"uv": [5.75, 13.5, 5.5, 9.25], "texture": "#0"}
			}
		},
		{
			"from": [4, 7, 13],
			"to": [13, 7, 17],
			"rotation": {"angle": 0, "axis": "y", "origin": [8, 7, 8]},
			"faces": {
				"north": {"uv": [4.5, 9.5, 2.25, 8.5], "texture": "#0"},
				"east": {"uv": [4.5, 9.5, 2.25, 8.5], "texture": "#0"},
				"south": {"uv": [4.5, 9.5, 2.25, 8.5], "texture": "#0"},
				"west": {"uv": [4.5, 9.5, 2.25, 8.5], "texture": "#0"},
				"up": {"uv": [4.5, 9.5, 2.25, 8.5], "texture": "#0"},
				"down": {"uv": [4.5, 8.5, 2.25, 9.5], "texture": "#0"}
			}
		},
		{
			"from": [13.2, 7.1, 3.8],
			"to": [13.2, 10, 13.2],
			"faces": {
				"north": {"uv": [0, 9.5, 2.25, 10.25], "texture": "#0"},
				"east": {"uv": [0, 9.5, 2.25, 10.25], "texture": "#0"},
				"south": {"uv": [0, 9.5, 2.25, 10.25], "texture": "#0"},
				"west": {"uv": [2.25, 9.5, 0, 10.25], "texture": "#0"},
				"up": {"uv": [0, 9.5, 2.25, 10.25], "texture": "#0"},
				"down": {"uv": [0, 9.5, 2.25, 10.25], "texture": "#0"}
			}
		},
		{
			"from": [3.8, 7.1, 3.8],
			"to": [3.8, 10, 13.2],
			"faces": {
				"north": {"uv": [9.5, 1.5, 11.75, 2.25], "texture": "#0"},
				"east": {"uv": [11.75, 1.5, 9.5, 2.25], "texture": "#0"},
				"south": {"uv": [9.5, 1.5, 11.75, 2.25], "texture": "#0"},
				"west": {"uv": [9.5, 1.5, 11.75, 2.25], "texture": "#0"},
				"up": {"uv": [9.5, 1.5, 11.75, 2.25], "texture": "#0"},
				"down": {"uv": [9.5, 1.5, 11.75, 2.25], "texture": "#0"}
			}
		},
		{
			"from": [3.8, 7.1, 13.2],
			"to": [13.2, 10, 13.2],
			"faces": {
				"north": {"uv": [12, 2.25, 9.75, 3], "texture": "#0"},
				"east": {"uv": [9.75, 2.25, 12, 3], "texture": "#0"},
				"south": {"uv": [9.75, 2.25, 12, 3], "texture": "#0"},
				"west": {"uv": [9.75, 2.25, 12, 3], "texture": "#0"},
				"up": {"uv": [9.75, 2.25, 12, 3], "texture": "#0"},
				"down": {"uv": [9.75, 2.25, 12, 3], "texture": "#0"}
			}
		},
		{
			"from": [3.8, 7.1, 3.8],
			"to": [13.2, 10, 3.8],
			"faces": {
				"north": {"uv": [9.75, 3, 12, 3.75], "texture": "#0"},
				"east": {"uv": [9.75, 3, 12, 3.75], "texture": "#0"},
				"south": {"uv": [12, 3, 9.75, 3.75], "texture": "#0"},
				"west": {"uv": [9.75, 3, 12, 3.75], "texture": "#0"},
				"up": {"uv": [9.75, 3, 12, 3.75], "texture": "#0"},
				"down": {"uv": [9.75, 3, 12, 3.75], "texture": "#0"}
			}
		},
		{
			"from": [13.5, 8.42893, 4.55025],
			"to": [13.5, 21.42893, 16.55025],
			"rotation": {"angle": 22.5, "axis": "x", "origin": [0, 8.5, 2.5]},
			"faces": {
				"north": {"uv": [10.75, 10, 14, 13.25], "rotation": 180, "texture": "#0"},
				"east": {"uv": [14, 13.25, 10.75, 10], "rotation": 90, "texture": "#0"},
				"south": {"uv": [10.75, 10, 14, 13.25], "texture": "#0"},
				"west": {"uv": [10.75, 13.25, 14, 10], "rotation": 270, "texture": "#0"},
				"up": {"uv": [10.75, 10, 14, 13.25], "texture": "#0"},
				"down": {"uv": [10.75, 10, 14, 13.25], "rotation": 180, "texture": "#0"}
			}
		}
	],
	"display": {
		"thirdperson_righthand": {
			"translation": [-0.25, 0, -1],
			"scale": [0.57, 0.57, 0.57]
		},
		"thirdperson_lefthand": {
			"translation": [-0.25, 0, -1],
			"scale": [0.57, 0.57, 0.57]
		},
		"firstperson_righthand": {
			"translation": [1.5, 0, 0]
		},
		"firstperson_lefthand": {
			"translation": [1.5, 0, 0]
		},
		"ground": {
			"translation": [0, -1.25, 0],
			"scale": [0.72, 0.72, 0.72]
		},
		"gui": {
			"rotation": [18, 148, 0],
			"translation": [0, -1.5, 0],
			"scale": [0.7, 0.81, 0.83]
		},
		"head": {
			"rotation": [-6, 0.5, 0],
			"translation": [-0.75, 3.5, -0.75],
			"scale": [1.66, 1.46, 1.72]
		},
		"fixed": {
			"rotation": [-89, 0, 0],
			"translation": [0, 0, -4.25]
		}
	},
	"groups": [
		{
			"name": "top",
			"origin": [0, 0, 0],
			"color": 0,
			"children": [0, 1, 2, 3, 4, 5, 6, 7, 8, 9, 10, 11, 12, 13, 14, 15]
		},
		16
	]
}