{
	"credit": "Made with Blockbench",
	"textures": {
		"0": "blockbench/crown",
		"particle": "blockbench/crown"
	},
	"elements": [
		{
			"from": [0, 0, 0],
			"to": [16, 7, 0],
			"rotation": {"angle": 0, "axis": "y", "origin": [14, 0, 1]},
			"faces": {
				"north": {"uv": [0, 0, 4, 2], "texture": "#0"},
				"east": {"uv": [0, 16, 0, 16], "texture": "#0"},
				"south": {"uv": [4, 0, 8, 2], "texture": "#0"},
				"west": {"uv": [0, 16, 0, 16], "texture": "#0"},
				"up": {"uv": [0, 16, 0, 16], "texture": "#0"},
				"down": {"uv": [0, 16, 0, 16], "texture": "#0"}
			}
		},
		{
			"from": [0, 0, 16],
			"to": [16, 7, 16],
			"rotation": {"angle": 0, "axis": "y", "origin": [14, 0, 17]},
			"faces": {
				"north": {"uv": [8, 0, 12, 2], "texture": "#0"},
				"east": {"uv": [0, 16, 0, 16], "texture": "#0"},
				"south": {"uv": [12, 0, 16, 2], "texture": "#0"},
				"west": {"uv": [0, 16, 0, 16], "texture": "#0"},
				"up": {"uv": [0, 16, 0, 16], "texture": "#0"},
				"down": {"uv": [0, 15.75, 0, 16], "texture": "#0"}
			}
		},
		{
			"from": [16, 0, 0],
			"to": [16, 7, 16],
			"rotation": {"angle": 0, "axis": "y", "origin": [14, 0, 17]},
			"faces": {
				"north": {"uv": [0, 16, 0, 16], "texture": "#0"},
				"east": {"uv": [8, 2, 4, 4], "texture": "#0"},
				"south": {"uv": [0, 16, 0, 16], "texture": "#0"},
				"west": {"uv": [4, 2, 0, 4], "texture": "#0"},
				"up": {"uv": [0, 16, 0, 16], "texture": "#0"},
				"down": {"uv": [0, 16, 0, 16], "texture": "#0"}
			}
		},
		{
			"from": [0, 0, 0],
			"to": [0, 7, 16],
			"rotation": {"angle": 0, "axis": "y", "origin": [14, 0, 17]},
			"faces": {
				"north": {"uv": [0, 16, 0, 16], "texture": "#0"},
				"east": {"uv": [12, 2, 16, 4], "texture": "#0"},
				"south": {"uv": [0, 16, 0, 16], "texture": "#0"},
				"west": {"uv": [8, 2, 12, 4], "texture": "#0"},
				"up": {"uv": [0, 16, 0, 16], "texture": "#0"},
				"down": {"uv": [0, 16, 0, 16], "texture": "#0"}
			}
		}
	],
	"display": {
		"thirdperson_righthand": {
			"rotation": [58, 0, 0],
			"translation": [0, 2, 0.75],
			"scale": [0.54, 0.54, 0.54]
		},
		"thirdperson_lefthand": {
			"rotation": [58, 0, 0],
			"translation": [0, 2, 0.75],
			"scale": [0.54, 0.54, 0.54]
		},
		"firstperson_righthand": {
			"rotation": [-7.5, 0, 0],
			"translation": [0, 2.5, 0.75],
			"scale": [0.54, 0.54, 0.54]
		},
		"firstperson_lefthand": {
			"rotation": [-7.5, 0, 0],
			"translation": [0, 2.5, 0.75],
			"scale": [0.54, 0.54, 0.54]
		},
		"ground": {
			"translation": [0, 2, 0],
			"scale": [0.54, 0.54, 0.54]
		},
		"gui": {
			"rotation": [15, 150, 0],
			"translation": [0, 2, 0],
			"scale": [0.7, 0.7, 0.7]
		},
		"head": {
			"rotation": [0, 0, 0],
			"translation": [0, 9.5, 0],
			"scale": [0.925, 0.925, 0.925]
		},
		"fixed": {
			"rotation": [-90, 0, 0],
			"translation": [0, 0, -9],
			"scale": [1.125, 1.125, 1.125]
		}
	}
}