{
	"credit": "Made with Blockbench",
	"texture_size": [64, 64],
	"textures": {
		"0": "blockbench/efe_hat",
		"particle": "blockbench/efe_hat"
	},
	"elements": [
		{
			"from": [13, 7, 4],
			"to": [13, 11, 13],
			"faces": {
				"north": {"uv": [2.25, 1.5, 4.5, 2.5], "texture": "#0"},
				"east": {"uv": [2.25, 1.5, 4.5, 2.5], "texture": "#0"},
				"south": {"uv": [2.25, 1.5, 4.5, 2.5], "texture": "#0"},
				"west": {"uv": [2.25, 1.5, 4.5, 2.5], "texture": "#0"},
				"up": {"uv": [2.25, 1.5, 4.5, 2.5], "texture": "#0"},
				"down": {"uv": [2.25, 1.5, 4.5, 2.5], "texture": "#0"}
			}
		},
		{
			"from": [13.25, 7, 3.75],
			"to": [13.25, 10, 13.25],
			"faces": {
				"north": {"uv": [4.5, 4.5, 7, 5.25], "texture": "#0"},
				"east": {"uv": [4.5, 4.5, 7, 5.25], "texture": "#0"},
				"south": {"uv": [4.5, 4.5, 7, 5.25], "texture": "#0"},
				"west": {"uv": [7, 4.5, 4.5, 5.25], "texture": "#0"},
				"up": {"uv": [4.5, 4.5, 7, 5.25], "texture": "#0"},
				"down": {"uv": [4.5, 4.5, 7, 5.25], "texture": "#0"}
			}
		},
		{
			"from": [13.25, 10, 3.75],
			"to": [13.25, 13, 13.25],
			"faces": {
				"north": {"uv": [4.5, 5.25, 7, 6], "texture": "#0"},
				"east": {"uv": [4.5, 5.25, 7, 6], "texture": "#0"},
				"south": {"uv": [4.5, 5.25, 7, 6], "texture": "#0"},
				"west": {"uv": [7, 5.25, 4.5, 6], "texture": "#0"},
				"up": {"uv": [4.5, 5.25, 7, 6], "texture": "#0"},
				"down": {"uv": [4.5, 5.25, 7, 6], "texture": "#0"}
			}
		},
		{
			"from": [4, 7, 4],
			"to": [4, 11, 13],
			"faces": {
				"north": {"uv": [0, 4.5, 2.25, 5.5], "texture": "#0"},
				"east": {"uv": [0, 4.5, 2.25, 5.5], "texture": "#0"},
				"south": {"uv": [0, 4.5, 2.25, 5.5], "texture": "#0"},
				"west": {"uv": [0, 4.5, 2.25, 5.5], "texture": "#0"},
				"up": {"uv": [0, 4.5, 2.25, 5.5], "texture": "#0"},
				"down": {"uv": [0, 4.5, 2.25, 5.5], "texture": "#0"}
			}
		},
		{
			"from": [3.75, 7, 3.75],
			"to": [3.75, 10, 13.25],
			"faces": {
				"north": {"uv": [5.5, 0, 8, 0.75], "texture": "#0"},
				"east": {"uv": [5.5, 0, 8, 0.75], "texture": "#0"},
				"south": {"uv": [5.5, 0, 8, 0.75], "texture": "#0"},
				"west": {"uv": [5.5, 0, 8, 0.75], "texture": "#0"},
				"up": {"uv": [5.5, 0, 8, 0.75], "texture": "#0"},
				"down": {"uv": [5.5, 0, 8, 0.75], "texture": "#0"}
			}
		},
		{
			"from": [4, 7, 13],
			"to": [13, 11, 13],
			"faces": {
				"north": {"uv": [2.25, 4.5, 4.5, 5.5], "texture": "#0"},
				"east": {"uv": [2.25, 4.5, 4.5, 5.5], "texture": "#0"},
				"south": {"uv": [2.25, 4.5, 4.5, 5.5], "texture": "#0"},
				"west": {"uv": [2.25, 4.5, 4.5, 5.5], "texture": "#0"},
				"up": {"uv": [2.25, 4.5, 4.5, 5.5], "texture": "#0"},
				"down": {"uv": [2.25, 4.5, 4.5, 5.5], "texture": "#0"}
			}
		},
		{
			"from": [3.75, 7, 13.25],
			"to": [13.25, 10, 13.25],
			"faces": {
				"north": {"uv": [2.5, 6, 5, 6.75], "texture": "#0"},
				"east": {"uv": [2.5, 6, 5, 6.75], "texture": "#0"},
				"south": {"uv": [2.5, 6, 5, 6.75], "texture": "#0"},
				"west": {"uv": [2.5, 6, 5, 6.75], "texture": "#0"},
				"up": {"uv": [2.5, 6, 5, 6.75], "texture": "#0"},
				"down": {"uv": [2.5, 6, 5, 6.75], "texture": "#0"}
			}
		},
		{
			"from": [4, 7, 4],
			"to": [13, 11, 4],
			"faces": {
				"north": {"uv": [4.5, 2.5, 6.75, 3.5], "texture": "#0"},
				"east": {"uv": [4.5, 2.5, 6.75, 3.5], "texture": "#0"},
				"south": {"uv": [4.5, 2.5, 6.75, 3.5], "texture": "#0"},
				"west": {"uv": [4.5, 2.5, 6.75, 3.5], "texture": "#0"},
				"up": {"uv": [4.5, 2.5, 6.75, 3.5], "texture": "#0"},
				"down": {"uv": [4.5, 2.5, 6.75, 3.5], "texture": "#0"}
			}
		},
		{
			"from": [3.75, 7, 3.75],
			"to": [13.25, 10, 3.75],
			"faces": {
				"north": {"uv": [5, 6, 7.5, 6.75], "texture": "#0"},
				"east": {"uv": [5, 6, 7.5, 6.75], "texture": "#0"},
				"south": {"uv": [7.5, 6, 5, 6.75], "texture": "#0"},
				"west": {"uv": [5, 6, 7.5, 6.75], "texture": "#0"},
				"up": {"uv": [5, 6, 7.5, 6.75], "texture": "#0"},
				"down": {"uv": [5, 6, 7.5, 6.75], "texture": "#0"}
			}
		},
		{
			"from": [3.75, 7, 3.5],
			"to": [13.25, 10, 3.5],
			"faces": {
				"north": {"uv": [6.75, 1.5, 9.25, 2.25], "texture": "#0"},
				"east": {"uv": [6.75, 1.5, 9.25, 2.25], "texture": "#0"},
				"south": {"uv": [9.25, 1.5, 6.75, 2.25], "texture": "#0"},
				"west": {"uv": [6.75, 1.5, 9.25, 2.25], "texture": "#0"},
				"up": {"uv": [6.75, 1.5, 9.25, 2.25], "texture": "#0"},
				"down": {"uv": [6.75, 1.5, 9.25, 2.25], "texture": "#0"}
			}
		},
		{
			"from": [4, 11, 4],
			"to": [13, 11, 13],
			"faces": {
				"north": {"uv": [2.25, 2.25, 0, 0], "texture": "#0"},
				"east": {"uv": [2.25, 2.25, 0, 0], "texture": "#0"},
				"south": {"uv": [2.25, 2.25, 0, 0], "texture": "#0"},
				"west": {"uv": [2.25, 2.25, 0, 0], "texture": "#0"},
				"up": {"uv": [2.25, 2.25, 0, 0], "texture": "#0"},
				"down": {"uv": [2.25, 2.25, 0, 0], "texture": "#0"}
			}
		},
		{
			"from": [13, 7, 4],
			"to": [16, 7, 13],
			"faces": {
				"north": {"uv": [3.25, 9, 2.5, 6.75], "texture": "#0"},
				"east": {"uv": [3.25, 9, 2.5, 6.75], "texture": "#0"},
				"south": {"uv": [3.25, 9, 2.5, 6.75], "texture": "#0"},
				"west": {"uv": [3.25, 9, 2.5, 6.75], "texture": "#0"},
				"up": {"uv": [3.25, 9, 2.5, 6.75], "texture": "#0"},
				"down": {"uv": [3.25, 6.75, 2.5, 9], "texture": "#0"}
			}
		},
		{
			"from": [1, 7, 4],
			"to": [4, 7, 13],
			"faces": {
				"north": {"uv": [4.75, 9, 4, 6.75], "texture": "#0"},
				"east": {"uv": [4.75, 9, 4, 6.75], "texture": "#0"},
				"south": {"uv": [4.75, 9, 4, 6.75], "texture": "#0"},
				"west": {"uv": [4.75, 9, 4, 6.75], "texture": "#0"},
				"up": {"uv": [4.75, 9, 4, 6.75], "texture": "#0"},
				"down": {"uv": [4.75, 6.75, 4, 9], "texture": "#0"}
			}
		},
		{
			"from": [-0.25, 7.5, 4],
			"to": [4, 7.5, 13],
			"faces": {
				"north": {"uv": [16, 16, 15, 13.75], "texture": "#0"},
				"east": {"uv": [16, 16, 15, 13.75], "texture": "#0"},
				"south": {"uv": [16, 16, 15, 13.75], "texture": "#0"},
				"west": {"uv": [16, 16, 15, 13.75], "texture": "#0"},
				"up": {"uv": [16, 13.75, 15, 16], "texture": "#0"},
				"down": {"uv": [16, 16, 15, 13.75], "texture": "#0"}
			}
		},
		{
			"from": [4, 7, 1],
			"to": [13, 7, 4],
			"faces": {
				"north": {"uv": [9, 3.75, 6.75, 3], "texture": "#0"},
				"east": {"uv": [9, 3.75, 6.75, 3], "texture": "#0"},
				"south": {"uv": [9, 3.75, 6.75, 3], "texture": "#0"},
				"west": {"uv": [9, 3.75, 6.75, 3], "texture": "#0"},
				"up": {"uv": [9, 3.75, 6.75, 3], "texture": "#0"},
				"down": {"uv": [9, 3, 6.75, 3.75], "texture": "#0"}
			}
		},
		{
			"from": [4, 7, 13],
			"to": [13, 7, 16],
			"faces": {
				"north": {"uv": [7.75, 7.5, 5.5, 6.75], "texture": "#0"},
				"east": {"uv": [7.75, 7.5, 5.5, 6.75], "texture": "#0"},
				"south": {"uv": [7.75, 7.5, 5.5, 6.75], "texture": "#0"},
				"west": {"uv": [7.75, 7.5, 5.5, 6.75], "texture": "#0"},
				"up": {"uv": [7.75, 7.5, 5.5, 6.75], "texture": "#0"},
				"down": {"uv": [9, 3, 6.75, 2.25], "texture": "#0"}
			}
		},
		{
			"from": [13, 7, 2],
			"to": [15, 7, 4],
			"faces": {
				"north": {"uv": [3, 6, 2.5, 5.5], "texture": "#0"},
				"east": {"uv": [3, 6, 2.5, 5.5], "texture": "#0"},
				"south": {"uv": [3, 6, 2.5, 5.5], "texture": "#0"},
				"west": {"uv": [3, 6, 2.5, 5.5], "texture": "#0"},
				"up": {"uv": [3, 6, 2.5, 5.5], "texture": "#0"},
				"down": {"uv": [3, 5.5, 2.5, 6], "texture": "#0"}
			}
		},
		{
			"from": [13, 7, 13],
			"to": [15, 7, 15],
			"faces": {
				"north": {"uv": [4, 6, 3.5, 5.5], "texture": "#0"},
				"east": {"uv": [4, 6, 3.5, 5.5], "texture": "#0"},
				"south": {"uv": [4, 6, 3.5, 5.5], "texture": "#0"},
				"west": {"uv": [4, 6, 3.5, 5.5], "texture": "#0"},
				"up": {"uv": [4, 6, 3.5, 5.5], "texture": "#0"},
				"down": {"uv": [4, 5.5, 3.5, 6], "texture": "#0"}
			}
		},
		{
			"from": [2, 7, 13],
			"to": [4, 7, 15],
			"faces": {
				"north": {"uv": [7.5, 6, 7, 5.5], "texture": "#0"},
				"east": {"uv": [7.5, 6, 7, 5.5], "texture": "#0"},
				"south": {"uv": [7.5, 6, 7, 5.5], "texture": "#0"},
				"west": {"uv": [7.5, 6, 7, 5.5], "texture": "#0"},
				"up": {"uv": [7.5, 6, 7, 5.5], "texture": "#0"},
				"down": {"uv": [7.5, 5.5, 7, 6], "texture": "#0"}
			}
		},
		{
			"from": [2, 7, 2],
			"to": [4, 7, 4],
			"faces": {
				"north": {"uv": [8, 6.5, 7.5, 6], "texture": "#0"},
				"east": {"uv": [8, 6.5, 7.5, 6], "texture": "#0"},
				"south": {"uv": [8, 6.5, 7.5, 6], "texture": "#0"},
				"west": {"uv": [8, 6.5, 7.5, 6], "texture": "#0"},
				"up": {"uv": [8, 6.5, 7.5, 6], "texture": "#0"},
				"down": {"uv": [8, 6, 7.5, 6.5], "texture": "#0"}
			}
		},
		{
			"from": [1, 7, 1],
			"to": [4, 7, 2],
			"faces": {
				"north": {"uv": [8.25, 6.75, 7.5, 6.5], "texture": "#0"},
				"east": {"uv": [8.25, 6.75, 7.5, 6.5], "texture": "#0"},
				"south": {"uv": [8.25, 6.75, 7.5, 6.5], "texture": "#0"},
				"west": {"uv": [8.25, 6.75, 7.5, 6.5], "texture": "#0"},
				"up": {"uv": [8.25, 6.75, 7.5, 6.5], "texture": "#0"},
				"down": {"uv": [8.25, 6.75, 7.5, 6.5], "texture": "#0"}
			}
		},
		{
			"from": [1, 7, 2],
			"to": [2, 7, 4],
			"faces": {
				"north": {"uv": [2, 8.25, 1.75, 7.75], "texture": "#0"},
				"east": {"uv": [2, 8.25, 1.75, 7.75], "texture": "#0"},
				"south": {"uv": [2, 8.25, 1.75, 7.75], "texture": "#0"},
				"west": {"uv": [2, 8.25, 1.75, 7.75], "texture": "#0"},
				"up": {"uv": [2, 8.25, 1.75, 7.75], "texture": "#0"},
				"down": {"uv": [2, 7.75, 1.75, 8.25], "texture": "#0"}
			}
		},
		{
			"from": [1, 7, 13],
			"to": [2, 7, 16],
			"faces": {
				"north": {"uv": [7.75, 8.25, 7.5, 7.5], "texture": "#0"},
				"east": {"uv": [7.75, 8.25, 7.5, 7.5], "texture": "#0"},
				"south": {"uv": [7.75, 8.25, 7.5, 7.5], "texture": "#0"},
				"west": {"uv": [7.75, 8.25, 7.5, 7.5], "texture": "#0"},
				"up": {"uv": [7.75, 8.25, 7.5, 7.5], "texture": "#0"},
				"down": {"uv": [7.75, 7.5, 7.5, 8.25], "texture": "#0"}
			}
		},
		{
			"from": [2, 7, 15],
			"to": [4, 7, 16],
			"faces": {
				"north": {"uv": [8.25, 7.25, 7.75, 7], "texture": "#0"},
				"east": {"uv": [8.25, 7.25, 7.75, 7], "texture": "#0"},
				"south": {"uv": [8.25, 7.25, 7.75, 7], "texture": "#0"},
				"west": {"uv": [8.25, 7.25, 7.75, 7], "texture": "#0"},
				"up": {"uv": [8.25, 7.25, 7.75, 7], "texture": "#0"},
				"down": {"uv": [8.25, 7.25, 7.75, 7], "texture": "#0"}
			}
		},
		{
			"from": [13, 7, 15],
			"to": [16, 7, 16],
			"faces": {
				"north": {"uv": [1, 8, 0.25, 7.75], "texture": "#0"},
				"east": {"uv": [1, 8, 0.25, 7.75], "texture": "#0"},
				"south": {"uv": [1, 8, 0.25, 7.75], "texture": "#0"},
				"west": {"uv": [1, 8, 0.25, 7.75], "texture": "#0"},
				"up": {"uv": [1, 8, 0.25, 7.75], "texture": "#0"},
				"down": {"uv": [1, 8, 0.25, 7.75], "texture": "#0"}
			}
		},
		{
			"from": [15, 7, 13],
			"to": [16, 7, 15],
			"faces": {
				"north": {"uv": [8, 8, 7.75, 7.5], "texture": "#0"},
				"east": {"uv": [8, 8, 7.75, 7.5], "texture": "#0"},
				"south": {"uv": [8, 8, 7.75, 7.5], "texture": "#0"},
				"west": {"uv": [8, 8, 7.75, 7.5], "texture": "#0"},
				"up": {"uv": [8, 8, 7.75, 7.5], "texture": "#0"},
				"down": {"uv": [8, 7.5, 7.75, 8], "texture": "#0"}
			}
		},
		{
			"from": [15, 7, 2],
			"to": [16, 7, 4],
			"faces": {
				"north": {"uv": [0.5, 8.5, 0.25, 8], "texture": "#0"},
				"east": {"uv": [0.5, 8.5, 0.25, 8], "texture": "#0"},
				"south": {"uv": [0.5, 8.5, 0.25, 8], "texture": "#0"},
				"west": {"uv": [0.5, 8.5, 0.25, 8], "texture": "#0"},
				"up": {"uv": [0.5, 8.5, 0.25, 8], "texture": "#0"},
				"down": {"uv": [0.5, 8, 0.25, 8.5], "texture": "#0"}
			}
		},
		{
			"from": [13, 7, 1],
			"to": [16, 7, 2],
			"faces": {
				"north": {"uv": [7.5, 8, 6.75, 7.75], "texture": "#0"},
				"east": {"uv": [7.5, 8, 6.75, 7.75], "texture": "#0"},
				"south": {"uv": [7.5, 8, 6.75, 7.75], "texture": "#0"},
				"west": {"uv": [7.5, 8, 6.75, 7.75], "texture": "#0"},
				"up": {"uv": [7.5, 8, 6.75, 7.75], "texture": "#0"},
				"down": {"uv": [7.5, 8, 6.75, 7.75], "texture": "#0"}
			}
		},
		{
			"from": [0, 7, 2],
			"to": [1, 7, 15],
			"faces": {
				"north": {"uv": [2.5, 10.25, 2.25, 7], "texture": "#0"},
				"east": {"uv": [2.5, 10.25, 2.25, 7], "texture": "#0"},
				"south": {"uv": [2.5, 10.25, 2.25, 7], "texture": "#0"},
				"west": {"uv": [2.5, 10.25, 2.25, 7], "texture": "#0"},
				"up": {"uv": [2.5, 10.25, 2.25, 7], "texture": "#0"},
				"down": {"uv": [2.5, 10.25, 2.25, 7], "texture": "#0"}
			}
		},
		{
			"from": [16, 7, 2],
			"to": [17, 7, 15],
			"faces": {
				"north": {"uv": [6, 10.75, 5.75, 7.5], "texture": "#0"},
				"east": {"uv": [6, 10.75, 5.75, 7.5], "texture": "#0"},
				"south": {"uv": [6, 10.75, 5.75, 7.5], "texture": "#0"},
				"west": {"uv": [6, 10.75, 5.75, 7.5], "texture": "#0"},
				"up": {"uv": [6, 10.75, 5.75, 7.5], "texture": "#0"},
				"down": {"uv": [6, 10.75, 5.75, 7.5], "texture": "#0"}
			}
		},
		{
			"from": [2, 7, 16],
			"to": [15, 7, 17],
			"faces": {
				"north": {"uv": [10.25, 4.75, 7, 4.5], "texture": "#0"},
				"east": {"uv": [10.25, 4.75, 7, 4.5], "texture": "#0"},
				"south": {"uv": [10.25, 4.75, 7, 4.5], "texture": "#0"},
				"west": {"uv": [10.25, 4.75, 7, 4.5], "texture": "#0"},
				"up": {"uv": [10.25, 4.75, 7, 4.5], "texture": "#0"},
				"down": {"uv": [10.25, 5, 7, 4.75], "texture": "#0"}
			}
		},
		{
			"from": [2, 3, 17],
			"to": [15, 7, 17],
			"rotation": {"angle": 0, "axis": "y", "origin": [7, 7, 17]},
			"faces": {
				"north": {"uv": [12.75, 0, 16, 1], "texture": "#0"},
				"east": {"uv": [12.75, 0, 16, 1], "texture": "#0"},
				"south": {"uv": [12.75, 0, 16, 1], "texture": "#0"},
				"west": {"uv": [12.75, 0, 16, 1], "texture": "#0"},
				"up": {"uv": [12.75, 0, 16, 1], "texture": "#0"},
				"down": {"uv": [12.75, 0, 16, 1], "texture": "#0"}
			}
		},
		{
			"from": [2, 7, 0],
			"to": [15, 7, 1],
			"faces": {
				"north": {"uv": [10.25, 5.25, 7, 5], "texture": "#0"},
				"east": {"uv": [10.25, 5.25, 7, 5], "texture": "#0"},
				"south": {"uv": [10.25, 5.25, 7, 5], "texture": "#0"},
				"west": {"uv": [10.25, 5.25, 7, 5], "texture": "#0"},
				"up": {"uv": [10.25, 5.25, 7, 5], "texture": "#0"},
				"down": {"uv": [10.25, 5.25, 7, 5], "texture": "#0"}
			}
		},
		{
			"from": [1.75, 6.65, 0.5],
			"to": [2, 6.9, 0.5],
			"faces": {
				"north": {"uv": [15.9375, 3.5, 16, 3.5625], "texture": "#0"},
				"east": {"uv": [15.9375, 3.5, 16, 3.5625], "texture": "#0"},
				"south": {"uv": [15.9375, 3.5, 16, 3.5625], "texture": "#0"},
				"west": {"uv": [15.9375, 3.5, 16, 3.5625], "texture": "#0"},
				"up": {"uv": [15.9375, 3.5, 16, 3.5625], "texture": "#0"},
				"down": {"uv": [15.9375, 3.5, 16, 3.5625], "texture": "#0"}
			}
		},
		{
			"from": [2.25, 6.65, 0.5],
			"to": [2.5, 6.9, 0.5],
			"faces": {
				"north": {"uv": [12.75, 15.9375, 12.8125, 16], "texture": "#0"},
				"east": {"uv": [12.75, 15.9375, 12.8125, 16], "texture": "#0"},
				"south": {"uv": [12.75, 15.9375, 12.8125, 16], "texture": "#0"},
				"west": {"uv": [12.75, 15.9375, 12.8125, 16], "texture": "#0"},
				"up": {"uv": [12.75, 15.9375, 12.8125, 16], "texture": "#0"},
				"down": {"uv": [12.75, 15.9375, 12.8125, 16], "texture": "#0"}
			}
		},
		{
			"from": [1.75, 6.9, 0.5],
			"to": [2, 7.15, 0.5],
			"faces": {
				"north": {"uv": [10, 15.9375, 10.0625, 16], "texture": "#0"},
				"east": {"uv": [10, 15.9375, 10.0625, 16], "texture": "#0"},
				"south": {"uv": [10, 15.9375, 10.0625, 16], "texture": "#0"},
				"west": {"uv": [10, 15.9375, 10.0625, 16], "texture": "#0"},
				"up": {"uv": [10, 15.9375, 10.0625, 16], "texture": "#0"},
				"down": {"uv": [10, 15.9375, 10.0625, 16], "texture": "#0"}
			}
		},
		{
			"from": [2.25, 6.9, 0.5],
			"to": [2.5, 7.15, 0.5],
			"faces": {
				"north": {"uv": [12.25, 15.9375, 12.3125, 16], "texture": "#0"},
				"east": {"uv": [12.25, 15.9375, 12.3125, 16], "texture": "#0"},
				"south": {"uv": [12.25, 15.9375, 12.3125, 16], "texture": "#0"},
				"west": {"uv": [12.25, 15.9375, 12.3125, 16], "texture": "#0"},
				"up": {"uv": [12.25, 15.9375, 12.3125, 16], "texture": "#0"},
				"down": {"uv": [12.25, 15.9375, 12.3125, 16], "texture": "#0"}
			}
		},
		{
			"from": [2, 6.65, 0.5],
			"to": [2.25, 6.9, 0.5],
			"faces": {
				"north": {"uv": [15.9375, 9.5, 16, 9.5625], "texture": "#0"},
				"east": {"uv": [15.9375, 9.5, 16, 9.5625], "texture": "#0"},
				"south": {"uv": [15.9375, 9.5, 16, 9.5625], "texture": "#0"},
				"west": {"uv": [15.9375, 9.5, 16, 9.5625], "texture": "#0"},
				"up": {"uv": [15.9375, 9.5, 16, 9.5625], "texture": "#0"},
				"down": {"uv": [15.9375, 9.5, 16, 9.5625], "texture": "#0"}
			}
		},
		{
			"from": [1.75, 7.15, 0.5],
			"to": [2, 7.4, 0.5],
			"faces": {
				"north": {"uv": [8.75, 15.75, 8.8125, 15.8125], "texture": "#0"},
				"east": {"uv": [8.75, 15.75, 8.8125, 15.8125], "texture": "#0"},
				"south": {"uv": [8.75, 15.75, 8.8125, 15.8125], "texture": "#0"},
				"west": {"uv": [8.75, 15.75, 8.8125, 15.8125], "texture": "#0"},
				"up": {"uv": [8.75, 15.75, 8.8125, 15.8125], "texture": "#0"},
				"down": {"uv": [8.75, 15.75, 8.8125, 15.8125], "texture": "#0"}
			}
		},
		{
			"from": [2.25, 7.15, 0.5],
			"to": [2.5, 7.4, 0.5],
			"faces": {
				"north": {"uv": [6.25, 15.9375, 6.3125, 16], "texture": "#0"},
				"east": {"uv": [6.25, 15.9375, 6.3125, 16], "texture": "#0"},
				"south": {"uv": [6.25, 15.9375, 6.3125, 16], "texture": "#0"},
				"west": {"uv": [6.25, 15.9375, 6.3125, 16], "texture": "#0"},
				"up": {"uv": [6.25, 15.9375, 6.3125, 16], "texture": "#0"},
				"down": {"uv": [6.25, 15.9375, 6.3125, 16], "texture": "#0"}
			}
		},
		{
			"from": [2, 7.15, 0.5],
			"to": [2.25, 7.4, 0.5],
			"faces": {
				"north": {"uv": [7, 15.9375, 7.0625, 16], "texture": "#0"},
				"east": {"uv": [7, 15.9375, 7.0625, 16], "texture": "#0"},
				"south": {"uv": [7, 15.9375, 7.0625, 16], "texture": "#0"},
				"west": {"uv": [7, 15.9375, 7.0625, 16], "texture": "#0"},
				"up": {"uv": [7, 15.9375, 7.0625, 16], "texture": "#0"},
				"down": {"uv": [7, 15.9375, 7.0625, 16], "texture": "#0"}
			}
		},
		{
			"from": [-0.25, 6.65, 4.5],
			"to": [0, 6.9, 4.5],
			"faces": {
				"north": {"uv": [15.9375, 3.5, 16, 3.5625], "texture": "#0"},
				"east": {"uv": [15.9375, 3.5, 16, 3.5625], "texture": "#0"},
				"south": {"uv": [15.9375, 3.5, 16, 3.5625], "texture": "#0"},
				"west": {"uv": [15.9375, 3.5, 16, 3.5625], "texture": "#0"},
				"up": {"uv": [15.9375, 3.5, 16, 3.5625], "texture": "#0"},
				"down": {"uv": [15.9375, 3.5, 16, 3.5625], "texture": "#0"}
			}
		},
		{
			"from": [0.25, 6.65, 4.5],
			"to": [0.5, 6.9, 4.5],
			"faces": {
				"north": {"uv": [12.75, 15.9375, 12.8125, 16], "texture": "#0"},
				"east": {"uv": [12.75, 15.9375, 12.8125, 16], "texture": "#0"},
				"south": {"uv": [12.75, 15.9375, 12.8125, 16], "texture": "#0"},
				"west": {"uv": [12.75, 15.9375, 12.8125, 16], "texture": "#0"},
				"up": {"uv": [12.75, 15.9375, 12.8125, 16], "texture": "#0"},
				"down": {"uv": [12.75, 15.9375, 12.8125, 16], "texture": "#0"}
			}
		},
		{
			"from": [0, 6.65, 4.5],
			"to": [0.25, 6.9, 4.5],
			"faces": {
				"north": {"uv": [15.9375, 9.5, 16, 9.5625], "texture": "#0"},
				"east": {"uv": [15.9375, 9.5, 16, 9.5625], "texture": "#0"},
				"south": {"uv": [15.9375, 9.5, 16, 9.5625], "texture": "#0"},
				"west": {"uv": [15.9375, 9.5, 16, 9.5625], "texture": "#0"},
				"up": {"uv": [15.9375, 9.5, 16, 9.5625], "texture": "#0"},
				"down": {"uv": [15.9375, 9.5, 16, 9.5625], "texture": "#0"}
			}
		},
		{
			"from": [0.25, 6.9, 4.5],
			"to": [0.5, 7.15, 4.5],
			"faces": {
				"north": {"uv": [12.25, 15.9375, 12.3125, 16], "texture": "#0"},
				"east": {"uv": [12.25, 15.9375, 12.3125, 16], "texture": "#0"},
				"south": {"uv": [12.25, 15.9375, 12.3125, 16], "texture": "#0"},
				"west": {"uv": [12.25, 15.9375, 12.3125, 16], "texture": "#0"},
				"up": {"uv": [12.25, 15.9375, 12.3125, 16], "texture": "#0"},
				"down": {"uv": [12.25, 15.9375, 12.3125, 16], "texture": "#0"}
			}
		},
		{
			"from": [-0.25, 6.9, 4.5],
			"to": [0, 7.15, 4.5],
			"faces": {
				"north": {"uv": [10, 15.9375, 10.0625, 16], "texture": "#0"},
				"east": {"uv": [10, 15.9375, 10.0625, 16], "texture": "#0"},
				"south": {"uv": [10, 15.9375, 10.0625, 16], "texture": "#0"},
				"west": {"uv": [10, 15.9375, 10.0625, 16], "texture": "#0"},
				"up": {"uv": [10, 15.9375, 10.0625, 16], "texture": "#0"},
				"down": {"uv": [10, 15.9375, 10.0625, 16], "texture": "#0"}
			}
		},
		{
			"from": [0, 7.15, 4.5],
			"to": [0.25, 7.4, 4.5],
			"faces": {
				"north": {"uv": [7, 15.9375, 7.0625, 16], "texture": "#0"},
				"east": {"uv": [7, 15.9375, 7.0625, 16], "texture": "#0"},
				"south": {"uv": [7, 15.9375, 7.0625, 16], "texture": "#0"},
				"west": {"uv": [7, 15.9375, 7.0625, 16], "texture": "#0"},
				"up": {"uv": [7, 15.9375, 7.0625, 16], "texture": "#0"},
				"down": {"uv": [7, 15.9375, 7.0625, 16], "texture": "#0"}
			}
		},
		{
			"from": [0.25, 7.15, 4.5],
			"to": [0.5, 7.4, 4.5],
			"faces": {
				"north": {"uv": [6.25, 15.9375, 6.3125, 16], "texture": "#0"},
				"east": {"uv": [6.25, 15.9375, 6.3125, 16], "texture": "#0"},
				"south": {"uv": [6.25, 15.9375, 6.3125, 16], "texture": "#0"},
				"west": {"uv": [6.25, 15.9375, 6.3125, 16], "texture": "#0"},
				"up": {"uv": [6.25, 15.9375, 6.3125, 16], "texture": "#0"},
				"down": {"uv": [6.25, 15.9375, 6.3125, 16], "texture": "#0"}
			}
		},
		{
			"from": [-0.25, 7.15, 4.5],
			"to": [0, 7.4, 4.5],
			"faces": {
				"north": {"uv": [8.75, 15.75, 8.8125, 15.8125], "texture": "#0"},
				"east": {"uv": [8.75, 15.75, 8.8125, 15.8125], "texture": "#0"},
				"south": {"uv": [8.75, 15.75, 8.8125, 15.8125], "texture": "#0"},
				"west": {"uv": [8.75, 15.75, 8.8125, 15.8125], "texture": "#0"},
				"up": {"uv": [8.75, 15.75, 8.8125, 15.8125], "texture": "#0"},
				"down": {"uv": [8.75, 15.75, 8.8125, 15.8125], "texture": "#0"}
			}
		}
	],
	"display": {
		"thirdperson_righthand": {
			"translation": [-0.25, 0, -1],
			"scale": [0.57, 0.57, 0.57]
		},
		"thirdperson_lefthand": {
			"translation": [-0.25, 0, -1],
			"scale": [0.57, 0.57, 0.57]
		},
		"firstperson_righthand": {
			"translation": [1.5, 0, 0]
		},
		"firstperson_lefthand": {
			"translation": [1.5, 0, 0]
		},
		"ground": {
			"scale": [0.72, 0.72, 0.72]
		},
		"gui": {
			"rotation": [16, -140, -2],
			"translation": [0.5, 0, 0],
			"scale": [0.69, 0.89, 0.77]
		},
		"head": {
			"rotation": [2, -1, 0],
			"translation": [-0.75, 3.25, -0.75],
			"scale": [1.72, 1.95, 1.68]
		},
		"fixed": {
			"rotation": [-89, 0, 0],
			"translation": [0, 0, -2.75]
		}
	},
	"groups": [
		{
			"name": "hat",
			"origin": [0, 0, 0],
			"color": 0,
			"children": [0, 1, 2, 3, 4, 5, 6, 7, 8, 9, 10, 11, 12, 13, 14, 15, 16, 17, 18, 19, 20, 21, 22, 23, 24, 25, 26, 27, 28, 29, 30, 31, 32]
		},
		33,
		34,
		35,
		36,
		37,
		38,
		39,
		40,
		41,
		42,
		43,
		44,
		45,
		46,
		47,
		48
	]
}