{
	"credit": "Made with Blockbench",
	"textures": {
		"0": "blockbench/ghast_mask",
		"1": "blockbench/ghast_goggles",
		"2": "blockbench/ghast_breather",
		"3": "blockbench/ghast_furnace",
		"particle": "blockbench/ghast_mask"
	},
	"elements": [
		{
			"from": [4, 2, 4],
			"to": [13, 10, 4],
			"faces": {
				"north": {"uv": [4.5, 6.5, 6.5, 8.25], "texture": "#0"},
				"east": {"uv": [4.5, 6.5, 6.5, 8.25], "texture": "#0"},
				"south": {"uv": [4.5, 6.5, 6.5, 8.25], "texture": "#0"},
				"west": {"uv": [4.5, 6.5, 6.5, 8.25], "texture": "#0"},
				"up": {"uv": [4.5, 6.5, 6.5, 8.25], "texture": "#0"},
				"down": {"uv": [4.5, 6.5, 6.5, 8.25], "texture": "#0"}
			}
		},
		{
			"from": [4, 10.5, 4],
			"to": [13, 10.5, 13],
			"rotation": {"angle": 0, "axis": "y", "origin": [4, 10.5, 4]},
			"faces": {
				"north": {"uv": [2.5, 0, 4.5, 2], "rotation": 180, "texture": "#0"},
				"east": {"uv": [2.5, 0, 4.5, 2], "rotation": 180, "texture": "#0"},
				"south": {"uv": [2.5, 0, 4.5, 2], "rotation": 180, "texture": "#0"},
				"west": {"uv": [2.5, 0, 4.5, 2], "rotation": 180, "texture": "#0"},
				"up": {"uv": [2.5, 0, 4.5, 2], "rotation": 180, "texture": "#0"},
				"down": {"uv": [2.5, 0, 4.5, 2], "rotation": 180, "texture": "#0"}
			}
		},
		{
			"from": [4, 2, 4],
			"to": [13, 2, 13],
			"rotation": {"angle": 0, "axis": "y", "origin": [-4, -5.5, -4]},
			"faces": {
				"north": {"uv": [0, 9.75, 2, 11.5], "texture": "#0"},
				"east": {"uv": [0, 9.75, 2, 11.5], "texture": "#0"},
				"south": {"uv": [0, 9.75, 2, 11.5], "texture": "#0"},
				"west": {"uv": [0, 9.75, 2, 11.5], "texture": "#0"},
				"up": {"uv": [0, 11.5, 2, 9.75], "texture": "#0"},
				"down": {"uv": [0, 9.75, 2, 11.5], "texture": "#0"}
			}
		},
		{
			"from": [4, 2, 4],
			"to": [4, 10, 13],
			"rotation": {"angle": 0, "axis": "y", "origin": [3, 0, 8]},
			"faces": {
				"north": {"uv": [4.5, 0.25, 6.5, 2], "texture": "#0"},
				"east": {"uv": [6.5, 0.25, 4.5, 2], "texture": "#0"},
				"south": {"uv": [4.5, 0.25, 6.5, 2], "texture": "#0"},
				"west": {"uv": [4.5, 0.25, 6.5, 2], "texture": "#0"},
				"up": {"uv": [4.5, 0.25, 6.5, 2], "texture": "#0"},
				"down": {"uv": [4.5, 0.25, 6.5, 2], "texture": "#0"}
			}
		},
		{
			"from": [4, 1, 4],
			"to": [4, 9, 13],
			"rotation": {"angle": -22.5, "axis": "y", "origin": [4, 1, 4]},
			"faces": {
				"north": {"uv": [3.25, 14.25, 5.25, 16], "texture": "#0"},
				"east": {"uv": [5.25, 14.25, 3.25, 16], "texture": "#0"},
				"south": {"uv": [3.25, 14.25, 5.25, 16], "texture": "#0"},
				"west": {"uv": [3.25, 14.25, 5.25, 16], "texture": "#0"},
				"up": {"uv": [3.25, 14.25, 5.25, 16], "texture": "#0"},
				"down": {"uv": [3.25, 14.25, 5.25, 16], "texture": "#0"}
			}
		},
		{
			"from": [4, 2, 12.999],
			"to": [13, 10, 12.999],
			"rotation": {"angle": 0, "axis": "y", "origin": [8, 0, 13.999]},
			"faces": {
				"north": {"uv": [8.75, 0, 6.75, 1.75], "texture": "#0"},
				"east": {"uv": [6.75, 0, 8.75, 1.75], "texture": "#0"},
				"south": {"uv": [6.75, 0, 8.75, 1.75], "texture": "#0"},
				"west": {"uv": [6.75, 0, 8.75, 1.75], "texture": "#0"},
				"up": {"uv": [6.75, 0, 8.75, 1.75], "texture": "#0"},
				"down": {"uv": [6.75, 0, 8.75, 1.75], "texture": "#0"}
			}
		},
		{
			"from": [12.999, 2, 4],
			"to": [12.999, 10, 13],
			"rotation": {"angle": 0, "axis": "y", "origin": [-1.001, 0, -1]},
			"faces": {
				"north": {"uv": [2.5, 4.75, 4.5, 6.5], "texture": "#0"},
				"east": {"uv": [2.5, 4.75, 4.5, 6.5], "texture": "#0"},
				"south": {"uv": [2.5, 4.75, 4.5, 6.5], "texture": "#0"},
				"west": {"uv": [4.5, 4.75, 2.5, 6.5], "texture": "#0"},
				"up": {"uv": [2.5, 4.75, 4.5, 6.5], "texture": "#0"},
				"down": {"uv": [2.5, 4.75, 4.5, 6.5], "texture": "#0"}
			}
		},
		{
			"from": [12.999, 1, 4],
			"to": [12.999, 9, 13],
			"rotation": {"angle": 22.5, "axis": "y", "origin": [12.999, 1, 4]},
			"faces": {
				"north": {"uv": [6, 14.25, 8, 16], "texture": "#0"},
				"east": {"uv": [6, 14.25, 8, 16], "texture": "#0"},
				"south": {"uv": [6, 14.25, 8, 16], "texture": "#0"},
				"west": {"uv": [8, 14.25, 6, 16], "texture": "#0"},
				"up": {"uv": [6, 14.25, 8, 16], "texture": "#0"},
				"down": {"uv": [6, 14.25, 8, 16], "texture": "#0"}
			}
		},
		{
			"from": [5.13, 10, 4],
			"to": [6.25, 10.5, 4],
			"rotation": {"angle": 0, "axis": "y", "origin": [0.5, 0, 0]},
			"faces": {
				"north": {"uv": [4, 8, 4.25, 8.25], "texture": "#0"},
				"east": {"uv": [0, 0, 0, 0.25], "texture": "#0"},
				"south": {"uv": [8, 4, 8.25, 4.25], "texture": "#0"},
				"west": {"uv": [0, 0, 0, 0.25], "texture": "#0"},
				"up": {"uv": [0.25, 0, 0, 0], "texture": "#0"},
				"down": {"uv": [0.25, 0, 0, 0], "texture": "#0"}
			}
		},
		{
			"from": [10.75, 10, 4],
			"to": [11.87, 10.5, 4],
			"rotation": {"angle": 0, "axis": "y", "origin": [0.5, 0, 0]},
			"faces": {
				"north": {"uv": [4, 8, 4.25, 8.25], "texture": "#0"},
				"east": {"uv": [0, 0, 0, 0.25], "texture": "#0"},
				"south": {"uv": [8, 4, 8.25, 4.25], "texture": "#0"},
				"west": {"uv": [0, 0, 0, 0.25], "texture": "#0"},
				"up": {"uv": [0.25, 0, 0, 0], "texture": "#0"},
				"down": {"uv": [0.25, 0, 0, 0], "texture": "#0"}
			}
		},
		{
			"from": [10.75, 10, 13],
			"to": [11.87, 10.5, 13],
			"rotation": {"angle": 0, "axis": "y", "origin": [0.5, 0, 0]},
			"faces": {
				"north": {"uv": [4, 8, 4.25, 8.25], "texture": "#0"},
				"east": {"uv": [0, 0, 0, 0.25], "texture": "#0"},
				"south": {"uv": [8, 4, 8.25, 4.25], "texture": "#0"},
				"west": {"uv": [0, 0, 0, 0.25], "texture": "#0"},
				"up": {"uv": [0.25, 0, 0, 0], "texture": "#0"},
				"down": {"uv": [0.25, 0, 0, 0], "texture": "#0"}
			}
		},
		{
			"from": [5.13, 10, 13],
			"to": [6.25, 10.5, 13],
			"rotation": {"angle": 0, "axis": "y", "origin": [0.5, 0, 0]},
			"faces": {
				"north": {"uv": [4, 8, 4.25, 8.25], "texture": "#0"},
				"east": {"uv": [0, 0, 0, 0.25], "texture": "#0"},
				"south": {"uv": [8, 4, 8.25, 4.25], "texture": "#0"},
				"west": {"uv": [0, 0, 0, 0.25], "texture": "#0"},
				"up": {"uv": [0.25, 0, 0, 0], "texture": "#0"},
				"down": {"uv": [0.25, 0, 0, 0], "texture": "#0"}
			}
		},
		{
			"from": [6.13, 5, 3],
			"to": [7.38, 6.25, 4],
			"rotation": {"angle": 0, "axis": "y", "origin": [0.02, 1, 0]},
			"faces": {
				"north": {"uv": [0, 2, 1, 3], "texture": "#1"},
				"east": {"uv": [1, 2, 2, 3], "texture": "#1"},
				"south": {"uv": [2, 2, 3, 3], "texture": "#1"},
				"west": {"uv": [0, 3, 1, 4], "texture": "#1"},
				"up": {"uv": [4, 1, 3, 0], "texture": "#1"},
				"down": {"uv": [2, 3, 1, 4], "texture": "#1"}
			}
		},
		{
			"from": [4.88, 5, 3],
			"to": [6.13, 6.25, 4],
			"rotation": {"angle": 0, "axis": "y", "origin": [0.13, 0, 0]},
			"faces": {
				"north": {"uv": [3, 1, 4, 2], "texture": "#1"},
				"east": {"uv": [2, 3, 3, 4], "texture": "#1"},
				"south": {"uv": [3, 2, 4, 3], "texture": "#1"},
				"west": {"uv": [3, 3, 4, 4], "texture": "#1"},
				"up": {"uv": [1, 5, 0, 4], "texture": "#1"},
				"down": {"uv": [5, 0, 4, 1], "texture": "#1"}
			}
		},
		{
			"from": [4.88, 6.25, 3],
			"to": [6.13, 7.5, 4],
			"rotation": {"angle": 0, "axis": "y", "origin": [0.13, 0, 0]},
			"faces": {
				"north": {"uv": [1, 4, 2, 5], "texture": "#1"},
				"east": {"uv": [4, 1, 5, 2], "texture": "#1"},
				"south": {"uv": [2, 4, 3, 5], "texture": "#1"},
				"west": {"uv": [4, 2, 5, 3], "texture": "#1"},
				"up": {"uv": [4, 5, 3, 4], "texture": "#1"},
				"down": {"uv": [5, 3, 4, 4], "texture": "#1"}
			}
		},
		{
			"from": [6.13, 6.25, 3],
			"to": [7.38, 7.5, 4],
			"faces": {
				"north": {"uv": [4, 4, 5, 5], "texture": "#1"},
				"east": {"uv": [0, 5, 1, 6], "texture": "#1"},
				"south": {"uv": [5, 0, 6, 1], "texture": "#1"},
				"west": {"uv": [1, 5, 2, 6], "texture": "#1"},
				"up": {"uv": [6, 2, 5, 1], "texture": "#1"},
				"down": {"uv": [3, 5, 2, 6], "texture": "#1"}
			}
		},
		{
			"from": [10.88, 6.25, 3],
			"to": [12.13, 7.5, 4],
			"rotation": {"angle": 0, "axis": "y", "origin": [-0.87, 0, 0]},
			"faces": {
				"north": {"uv": [5, 2, 6, 3], "texture": "#1"},
				"east": {"uv": [3, 5, 4, 6], "texture": "#1"},
				"south": {"uv": [5, 3, 6, 4], "texture": "#1"},
				"west": {"uv": [4, 5, 5, 6], "texture": "#1"},
				"up": {"uv": [6, 5, 5, 4], "texture": "#1"},
				"down": {"uv": [6, 5, 5, 6], "texture": "#1"}
			}
		},
		{
			"from": [10.88, 5, 3],
			"to": [12.13, 6.25, 4],
			"rotation": {"angle": 0, "axis": "y", "origin": [-0.87, 0, 0]},
			"faces": {
				"north": {"uv": [0, 6, 1, 7], "texture": "#1"},
				"east": {"uv": [6, 0, 7, 1], "texture": "#1"},
				"south": {"uv": [1, 6, 2, 7], "texture": "#1"},
				"west": {"uv": [6, 1, 7, 2], "texture": "#1"},
				"up": {"uv": [3, 7, 2, 6], "texture": "#1"},
				"down": {"uv": [7, 2, 6, 3], "texture": "#1"}
			}
		},
		{
			"from": [9.63, 6.25, 3],
			"to": [10.88, 7.5, 4],
			"rotation": {"angle": 0, "axis": "y", "origin": [-2.37, -0.25, 0]},
			"faces": {
				"north": {"uv": [3, 6, 4, 7], "texture": "#1"},
				"east": {"uv": [6, 3, 7, 4], "texture": "#1"},
				"south": {"uv": [4, 6, 5, 7], "texture": "#1"},
				"west": {"uv": [6, 4, 7, 5], "texture": "#1"},
				"up": {"uv": [6, 7, 5, 6], "texture": "#1"},
				"down": {"uv": [7, 5, 6, 6], "texture": "#1"}
			}
		},
		{
			"from": [9.63, 5, 3],
			"to": [10.88, 6.25, 4],
			"rotation": {"angle": 0, "axis": "y", "origin": [-0.87, 1, 0]},
			"faces": {
				"north": {"uv": [6, 6, 7, 7], "texture": "#1"},
				"east": {"uv": [0, 7, 1, 8], "texture": "#1"},
				"south": {"uv": [7, 0, 8, 1], "texture": "#1"},
				"west": {"uv": [1, 7, 2, 8], "texture": "#1"},
				"up": {"uv": [8, 2, 7, 1], "texture": "#1"},
				"down": {"uv": [3, 7, 2, 8], "texture": "#1"}
			}
		},
		{
			"from": [7.25, 5.75, 3.5],
			"to": [9.75, 6.75, 3.5],
			"faces": {
				"north": {"uv": [0, 0, 3, 1], "texture": "#1"},
				"east": {"uv": [0, 0, 0, 1], "texture": "#1"},
				"south": {"uv": [0, 1, 3, 2], "texture": "#1"},
				"west": {"uv": [0, 0, 0, 1], "texture": "#1"},
				"up": {"uv": [3, 0, 0, 0], "texture": "#1"},
				"down": {"uv": [3, 0, 0, 0], "texture": "#1"}
			}
		},
		{
			"from": [6.25, 2, 3],
			"to": [10.75, 5, 4],
			"rotation": {"angle": 0, "axis": "y", "origin": [9, 4, 4]},
			"faces": {
				"north": {"uv": [0, 0, 5, 3], "texture": "#2"},
				"east": {"uv": [8, 2, 9, 5], "texture": "#2"},
				"south": {"uv": [0, 3, 5, 6], "texture": "#2"},
				"west": {"uv": [4, 8, 5, 11], "texture": "#2"},
				"up": {"uv": [13, 1, 8, 0], "texture": "#2"},
				"down": {"uv": [13, 1, 8, 2], "texture": "#2"}
			}
		},
		{
			"from": [7.25, 2.5, 2],
			"to": [9.75, 5, 3.75],
			"rotation": {"angle": -22.5, "axis": "x", "origin": [9, 4, 4]},
			"faces": {
				"north": {"uv": [5, 0, 8, 3], "texture": "#2"},
				"east": {"uv": [0, 6, 2, 9], "texture": "#2"},
				"south": {"uv": [5, 3, 8, 6], "texture": "#2"},
				"west": {"uv": [2, 6, 4, 9], "texture": "#2"},
				"up": {"uv": [7, 8, 4, 6], "texture": "#2"},
				"down": {"uv": [10, 6, 7, 8], "texture": "#2"}
			}
		},
		{
			"from": [8.5, 2, 0.25],
			"to": [10.5, 4, 1.25],
			"rotation": {"angle": -45, "axis": "y", "origin": [9, 4, 4]},
			"faces": {
				"north": {"uv": [0, 0, 1.75, 1.75], "texture": "#3"},
				"east": {"uv": [0, 4, 0.75, 5.75], "texture": "#3"},
				"south": {"uv": [0, 2, 1.75, 3.75], "texture": "#3"},
				"west": {"uv": [4, 0, 4.75, 1.75], "texture": "#3"},
				"up": {"uv": [2.75, 4.75, 1, 4], "texture": "#3"},
				"down": {"uv": [5.75, 2, 4, 2.75], "texture": "#3"}
			}
		},
		{
			"from": [8.75, 2.25, 1.25],
			"to": [10.25, 3.75, 2.8],
			"rotation": {"angle": -45, "axis": "y", "origin": [9, 4, 4]},
			"faces": {
				"north": {"uv": [0, 0, 1.5, 1.5], "texture": "#2"},
				"east": {"uv": [0, 0, 1.55, 1.5], "texture": "#2"},
				"south": {"uv": [0, 0, 1.5, 1.5], "texture": "#2"},
				"west": {"uv": [0, 0, 1.55, 1.5], "texture": "#2"},
				"up": {"uv": [0, 0, 1.5, 1.55], "texture": "#2"},
				"down": {"uv": [0, 0, 1.5, 1.55], "texture": "#2"}
			}
		},
		{
			"from": [7, 2.25, 0.5],
			"to": [8.5, 3.75, 2.05],
			"rotation": {"angle": 45, "axis": "y", "origin": [9, 4, 4]},
			"faces": {
				"north": {"uv": [0, 0, 1.5, 1.5], "texture": "#2"},
				"east": {"uv": [0, 0, 1.55, 1.5], "texture": "#2"},
				"south": {"uv": [0, 0, 1.5, 1.5], "texture": "#2"},
				"west": {"uv": [0, 0, 1.55, 1.5], "texture": "#2"},
				"up": {"uv": [0, 0, 1.5, 1.55], "texture": "#2"},
				"down": {"uv": [0, 0, 1.5, 1.55], "texture": "#2"}
			}
		},
		{
			"from": [6.75, 2, -0.5],
			"to": [8.75, 4, 0.5],
			"rotation": {"angle": 45, "axis": "y", "origin": [9, 4, 4]},
			"faces": {
				"north": {"uv": [0, 0, 1.75, 1.75], "texture": "#3"},
				"east": {"uv": [0, 4, 0.75, 5.75], "texture": "#3"},
				"south": {"uv": [0, 2, 1.75, 3.75], "texture": "#3"},
				"west": {"uv": [4, 0, 4.75, 1.75], "texture": "#3"},
				"up": {"uv": [2.75, 4.75, 1, 4], "texture": "#3"},
				"down": {"uv": [5.75, 2, 4, 2.75], "texture": "#3"}
			}
		}
	],
	"gui_light": "front",
	"display": {
		"thirdperson_righthand": {
			"translation": [-0.25, 0, -1],
			"scale": [0.57, 0.57, 0.57]
		},
		"thirdperson_lefthand": {
			"translation": [-0.25, 0, -1],
			"scale": [0.57, 0.57, 0.57]
		},
		"firstperson_righthand": {
			"translation": [1.5, 3.5, 0.75],
			"scale": [1.34, 1.17, 0.93]
		},
		"firstperson_lefthand": {
			"translation": [1.5, 3.5, 0.75],
			"scale": [1.34, 1.17, 0.93]
		},
		"ground": {
			"translation": [0, 1.5, 0],
			"scale": [0.72, 0.72, 0.72]
		},
		"gui": {
			"rotation": [15, -180, 0],
			"translation": [0.75, 2, 0],
			"scale": [0.95, 1.12, 0.96]
		},
		"head": {
			"translation": [-0.75, 2.5, -0.75],
			"scale": [1.58, 1.59, 1.71]
		},
		"fixed": {
			"rotation": [-90, 0, 0],
			"translation": [-0.5, 1.25, -6.75]
		}
	},
	"groups": [
		{
			"name": "group",
			"origin": [0, 0, 0],
			"color": 0,
			"children": [0, 1, 2, 3, 4, 5, 6, 7, 8, 9, 10, 11]
		},
		{
			"name": "eyes",
			"origin": [8, 8, 8],
			"color": 0,
			"children": [12, 13, 14, 15, 16, 17, 18, 19, 20]
		},
		{
			"name": "muzzle",
			"origin": [0, 0, 0],
			"color": 0,
			"children": [21, 22, 23, 24, 25, 26]
		}
	]
}