{
	"credit": "Made with Blockbench",
	"texture_size": [64, 64],
	"textures": {
		"0": "blockbench/glare_hide_hat2",
		"1": "blockbench/glare_hide_hat",
		"particle": "blockbench/glare_hide_hat2"
	},
	"elements": [
		{
			"from": [13, 7, 4],
			"to": [13, 10.5, 13],
			"faces": {
				"north": {"uv": [0, 0, 0, 0.875], "texture": "#1"},
				"east": {"uv": [6, 7.75, 8.25, 8.625], "texture": "#1"},
				"south": {"uv": [0, 0, 0, 0.875], "texture": "#1"},
				"west": {"uv": [2.25, 8, 4.5, 8.875], "texture": "#1"},
				"up": {"uv": [0, 2.25, 0, 0], "texture": "#1"},
				"down": {"uv": [0, 0, 0, 2.25], "texture": "#1"}
			}
		},
		{
			"from": [4, 7, 4],
			"to": [4, 10.5, 13],
			"faces": {
				"north": {"uv": [0, 0, 0, 0.875], "texture": "#1"},
				"east": {"uv": [8.5, 3, 10.75, 3.875], "texture": "#1"},
				"south": {"uv": [0, 0, 0, 0.875], "texture": "#1"},
				"west": {"uv": [8.5, 4, 10.75, 4.875], "texture": "#1"},
				"up": {"uv": [0, 2.25, 0, 0], "texture": "#1"},
				"down": {"uv": [0, 0, 0, 2.25], "texture": "#1"}
			}
		},
		{
			"from": [4, 7, 13],
			"to": [13, 10.5, 13],
			"faces": {
				"north": {"uv": [0, 8.25, 2.25, 9.125], "texture": "#1"},
				"east": {"uv": [0, 0, 0, 0.875], "texture": "#1"},
				"south": {"uv": [8.25, 7.75, 10.5, 8.625], "texture": "#1"},
				"west": {"uv": [0, 0, 0, 0.875], "texture": "#1"},
				"up": {"uv": [2.25, 0, 0, 0], "texture": "#1"},
				"down": {"uv": [2.25, 0, 0, 0], "texture": "#1"}
			}
		},
		{
			"from": [4, 7, 4],
			"to": [13, 10.5, 4],
			"faces": {
				"north": {"uv": [4.5, 8.75, 6.75, 9.625], "texture": "#1"},
				"east": {"uv": [0, 0, 0, 0.875], "texture": "#1"},
				"south": {"uv": [8.75, 5, 11, 5.875], "texture": "#1"},
				"west": {"uv": [0, 0, 0, 0.875], "texture": "#1"},
				"up": {"uv": [2.25, 0, 0, 0], "texture": "#1"},
				"down": {"uv": [2.25, 0, 0, 0], "texture": "#1"}
			}
		},
		{
			"from": [3.5, 11, 3.5],
			"to": [13.5, 11, 13.5],
			"rotation": {"angle": 0, "axis": "y", "origin": [8.5, 8, 8.5]},
			"faces": {
				"north": {"uv": [2.5, 2.5, 0, 0], "texture": "#1"},
				"east": {"uv": [2.5, 2.5, 0, 0], "texture": "#1"},
				"south": {"uv": [2.5, 2.5, 0, 0], "texture": "#1"},
				"west": {"uv": [2.5, 2.5, 0, 0], "texture": "#1"},
				"up": {"uv": [2.5, 2.5, 0, 0], "texture": "#1"},
				"down": {"uv": [2.5, 0, 0, 2.5], "texture": "#1"}
			}
		},
		{
			"from": [3.5, 7, 3.5],
			"to": [13.5, 11, 3.5],
			"rotation": {"angle": 0, "axis": "y", "origin": [8.5, 8, 8.5]},
			"faces": {
				"north": {"uv": [7, 1, 9.5, 2], "texture": "#1"},
				"east": {"uv": [7, 1, 9.5, 2], "texture": "#1"},
				"south": {"uv": [9.5, 1, 7, 2], "texture": "#1"},
				"west": {"uv": [7, 1, 9.5, 2], "texture": "#1"},
				"up": {"uv": [7, 1, 9.5, 2], "texture": "#1"},
				"down": {"uv": [7, 1, 9.5, 2], "texture": "#1"}
			}
		},
		{
			"from": [3.5, 7, 13.5],
			"to": [13.5, 11, 13.5],
			"rotation": {"angle": 0, "axis": "y", "origin": [8.5, 8, 8.5]},
			"faces": {
				"north": {"uv": [7, 0, 9.5, 1], "texture": "#1"},
				"east": {"uv": [7, 0, 9.5, 1], "texture": "#1"},
				"south": {"uv": [9.5, 0, 7, 1], "texture": "#1"},
				"west": {"uv": [7, 0, 9.5, 1], "texture": "#1"},
				"up": {"uv": [7, 0, 9.5, 1], "texture": "#1"},
				"down": {"uv": [7, 0, 9.5, 1], "texture": "#1"}
			}
		},
		{
			"from": [3.5, 7, 3.5],
			"to": [3.5, 11, 13.5],
			"rotation": {"angle": 0, "axis": "y", "origin": [8.5, 8, 8.5]},
			"faces": {
				"north": {"uv": [6, 3.75, 8.5, 4.75], "texture": "#1"},
				"east": {"uv": [8.5, 3.75, 6, 4.75], "texture": "#1"},
				"south": {"uv": [6, 3.75, 8.5, 4.75], "texture": "#1"},
				"west": {"uv": [6, 3.75, 8.5, 4.75], "texture": "#1"},
				"up": {"uv": [6, 3.75, 8.5, 4.75], "texture": "#1"},
				"down": {"uv": [6, 3.75, 8.5, 4.75], "texture": "#1"}
			}
		},
		{
			"from": [13.5, 7, 3.5],
			"to": [13.5, 11, 13.5],
			"rotation": {"angle": 0, "axis": "y", "origin": [8.5, 8, 8.5]},
			"faces": {
				"north": {"uv": [6, 4.75, 8.5, 5.75], "texture": "#1"},
				"east": {"uv": [6, 4.75, 8.5, 5.75], "texture": "#1"},
				"south": {"uv": [6, 4.75, 8.5, 5.75], "texture": "#1"},
				"west": {"uv": [8.5, 4.75, 6, 5.75], "texture": "#1"},
				"up": {"uv": [6, 4.75, 8.5, 5.75], "texture": "#1"},
				"down": {"uv": [6, 4.75, 8.5, 5.75], "texture": "#1"}
			}
		},
		{
			"from": [4, 10.5, 4],
			"to": [13, 10.5, 13],
			"faces": {
				"north": {"uv": [0, 0, 2.25, 0], "texture": "#1"},
				"east": {"uv": [0, 0, 2.25, 0], "texture": "#1"},
				"south": {"uv": [0, 0, 2.25, 0], "texture": "#1"},
				"west": {"uv": [0, 0, 2.25, 0], "texture": "#1"},
				"up": {"uv": [4.75, 2.25, 2.5, 0], "texture": "#1"},
				"down": {"uv": [4.75, 2.25, 2.5, 4.5], "texture": "#1"}
			}
		},
		{
			"from": [4, 3, 18],
			"to": [13, 7, 18],
			"faces": {
				"north": {"uv": [2.25, 7.25, 0, 8.25], "texture": "#1"},
				"east": {"uv": [0, 7.25, 2.25, 8.25], "texture": "#1"},
				"south": {"uv": [0, 7.25, 2.25, 8.25], "texture": "#1"},
				"west": {"uv": [0, 7.25, 2.25, 8.25], "texture": "#1"},
				"up": {"uv": [0, 7.25, 2.25, 8.25], "texture": "#1"},
				"down": {"uv": [0, 7.25, 2.25, 8.25], "texture": "#1"}
			}
		},
		{
			"from": [4, 4, -1],
			"to": [13, 7, -1],
			"faces": {
				"north": {"uv": [8.75, 6, 11, 6.75], "texture": "#1"},
				"east": {"uv": [8.75, 6, 11, 6.75], "texture": "#1"},
				"south": {"uv": [11, 6, 8.75, 6.75], "texture": "#1"},
				"west": {"uv": [8.75, 6, 11, 6.75], "texture": "#1"},
				"up": {"uv": [8.75, 6, 11, 6.75], "texture": "#1"},
				"down": {"uv": [8.75, 6, 11, 6.75], "texture": "#1"}
			}
		},
		{
			"from": [-1, 4, 4],
			"to": [-1, 7, 13],
			"faces": {
				"north": {"uv": [0, 9.25, 2.25, 10], "texture": "#1"},
				"east": {"uv": [2.25, 9.25, 0, 10], "texture": "#1"},
				"south": {"uv": [0, 9.25, 2.25, 10], "texture": "#1"},
				"west": {"uv": [0, 9.25, 2.25, 10], "texture": "#1"},
				"up": {"uv": [0, 9.25, 2.25, 10], "texture": "#1"},
				"down": {"uv": [0, 9.25, 2.25, 10], "texture": "#1"}
			}
		},
		{
			"from": [18, 4, 4],
			"to": [18, 7, 13],
			"faces": {
				"north": {"uv": [8.75, 6.75, 11, 7.5], "texture": "#1"},
				"east": {"uv": [8.75, 6.75, 11, 7.5], "texture": "#1"},
				"south": {"uv": [8.75, 6.75, 11, 7.5], "texture": "#1"},
				"west": {"uv": [11, 6.75, 8.75, 7.5], "texture": "#1"},
				"up": {"uv": [8.75, 6.75, 11, 7.5], "texture": "#1"},
				"down": {"uv": [8.75, 6.75, 11, 7.5], "texture": "#1"}
			}
		},
		{
			"from": [13, 4, 0],
			"to": [15, 7, 0],
			"faces": {
				"north": {"uv": [7.75, 9.5, 8.25, 10.25], "texture": "#1"},
				"east": {"uv": [7.75, 9.5, 8.25, 10.25], "texture": "#1"},
				"south": {"uv": [8.25, 9.5, 7.75, 10.25], "texture": "#1"},
				"west": {"uv": [7.75, 9.5, 8.25, 10.25], "texture": "#1"},
				"up": {"uv": [7.75, 9.5, 8.25, 10.25], "texture": "#1"},
				"down": {"uv": [7.75, 9.5, 8.25, 10.25], "texture": "#1"}
			}
		},
		{
			"from": [13, 3, 17],
			"to": [15, 7, 17],
			"faces": {
				"north": {"uv": [7.75, 9.5, 7.25, 10.5], "texture": "#1"},
				"east": {"uv": [7.25, 9.5, 7.75, 10.5], "texture": "#1"},
				"south": {"uv": [7.25, 9.5, 7.75, 10.5], "texture": "#1"},
				"west": {"uv": [7.25, 9.5, 7.75, 10.5], "texture": "#1"},
				"up": {"uv": [7.25, 9.5, 7.75, 10.5], "texture": "#1"},
				"down": {"uv": [7.25, 9.5, 7.75, 10.5], "texture": "#1"}
			}
		},
		{
			"from": [2, 4, 0],
			"to": [4, 7, 0],
			"faces": {
				"north": {"uv": [4.25, 9.75, 4.75, 10.5], "texture": "#1"},
				"east": {"uv": [4.25, 9.75, 4.75, 10.5], "texture": "#1"},
				"south": {"uv": [4.75, 9.75, 4.25, 10.5], "texture": "#1"},
				"west": {"uv": [4.25, 9.75, 4.75, 10.5], "texture": "#1"},
				"up": {"uv": [4.25, 9.75, 4.75, 10.5], "texture": "#1"},
				"down": {"uv": [4.25, 9.75, 4.75, 10.5], "texture": "#1"}
			}
		},
		{
			"from": [2, 4, 0],
			"to": [2, 7, 1],
			"faces": {
				"north": {"uv": [2.25, 7.25, 2.5, 8], "texture": "#1"},
				"east": {"uv": [2.5, 7.25, 2.25, 8], "texture": "#1"},
				"south": {"uv": [2.25, 7.25, 2.5, 8], "texture": "#1"},
				"west": {"uv": [2.25, 7.25, 2.5, 8], "texture": "#1"},
				"up": {"uv": [2.25, 7.25, 2.5, 8], "texture": "#1"},
				"down": {"uv": [2.25, 7.25, 2.5, 8], "texture": "#1"}
			}
		},
		{
			"from": [0, 4, 15],
			"to": [1, 7, 15],
			"faces": {
				"north": {"uv": [10, 9.5, 9.75, 10.25], "texture": "#1"},
				"east": {"uv": [9.75, 9.5, 10, 10.25], "texture": "#1"},
				"south": {"uv": [9.75, 9.5, 10, 10.25], "texture": "#1"},
				"west": {"uv": [9.75, 9.5, 10, 10.25], "texture": "#1"},
				"up": {"uv": [9.75, 9.5, 10, 10.25], "texture": "#1"},
				"down": {"uv": [9.75, 9.5, 10, 10.25], "texture": "#1"}
			}
		},
		{
			"from": [0, 4, 13],
			"to": [0, 7, 15],
			"faces": {
				"north": {"uv": [3.75, 9.75, 4.25, 10.5], "texture": "#1"},
				"east": {"uv": [4.25, 9.75, 3.75, 10.5], "texture": "#1"},
				"south": {"uv": [3.75, 9.75, 4.25, 10.5], "texture": "#1"},
				"west": {"uv": [3.75, 9.75, 4.25, 10.5], "texture": "#1"},
				"up": {"uv": [3.75, 9.75, 4.25, 10.5], "texture": "#1"},
				"down": {"uv": [3.75, 9.75, 4.25, 10.5], "texture": "#1"}
			}
		},
		{
			"from": [-1, 4, 4],
			"to": [0, 7, 4],
			"faces": {
				"north": {"uv": [8.5, 5, 8.75, 5.75], "texture": "#1"},
				"east": {"uv": [8.5, 5, 8.75, 5.75], "texture": "#1"},
				"south": {"uv": [8.75, 5, 8.5, 5.75], "texture": "#1"},
				"west": {"uv": [8.5, 5, 8.75, 5.75], "texture": "#1"},
				"up": {"uv": [8.5, 5, 8.75, 5.75], "texture": "#1"},
				"down": {"uv": [8.5, 5, 8.75, 5.75], "texture": "#1"}
			}
		},
		{
			"from": [17, 4, 2],
			"to": [17, 7, 4],
			"faces": {
				"north": {"uv": [8.75, 9.5, 9.25, 10.25], "texture": "#1"},
				"east": {"uv": [9.25, 9.5, 8.75, 10.25], "texture": "#1"},
				"south": {"uv": [8.75, 9.5, 9.25, 10.25], "texture": "#1"},
				"west": {"uv": [8.75, 9.5, 9.25, 10.25], "texture": "#1"},
				"up": {"uv": [8.75, 9.5, 9.25, 10.25], "texture": "#1"},
				"down": {"uv": [8.75, 9.5, 9.25, 10.25], "texture": "#1"}
			}
		},
		{
			"from": [17, 4, 13],
			"to": [17, 7, 15],
			"faces": {
				"north": {"uv": [2.25, 9.75, 2.75, 10.5], "texture": "#1"},
				"east": {"uv": [2.25, 9.75, 2.75, 10.5], "texture": "#1"},
				"south": {"uv": [2.25, 9.75, 2.75, 10.5], "texture": "#1"},
				"west": {"uv": [2.75, 9.75, 2.25, 10.5], "texture": "#1"},
				"up": {"uv": [2.25, 9.75, 2.75, 10.5], "texture": "#1"},
				"down": {"uv": [2.25, 9.75, 2.75, 10.5], "texture": "#1"}
			}
		},
		{
			"from": [16, 4, 15],
			"to": [17, 7, 15],
			"faces": {
				"north": {"uv": [6.5, 9.75, 6.25, 10.5], "texture": "#1"},
				"east": {"uv": [6.25, 9.75, 6.5, 10.5], "texture": "#1"},
				"south": {"uv": [6.25, 9.75, 6.5, 10.5], "texture": "#1"},
				"west": {"uv": [6.25, 9.75, 6.5, 10.5], "texture": "#1"},
				"up": {"uv": [6.25, 9.75, 6.5, 10.5], "texture": "#1"},
				"down": {"uv": [6.25, 9.75, 6.5, 10.5], "texture": "#1"}
			}
		},
		{
			"from": [-1, 7, -1],
			"to": [18, 7, 18],
			"faces": {
				"north": {"uv": [0, 11.25, 4.75, 16], "texture": "#1"},
				"east": {"uv": [0, 11.25, 4.75, 16], "texture": "#1"},
				"south": {"uv": [0, 11.25, 4.75, 16], "texture": "#1"},
				"west": {"uv": [0, 11.25, 4.75, 16], "texture": "#1"},
				"up": {"uv": [0, 16, 4.75, 11.25], "texture": "#1"},
				"down": {"uv": [0, 11.25, 4.75, 16], "texture": "#1"}
			}
		},
		{
			"from": [13.5, 6, 9.05],
			"to": [20.5, 14, 9.05],
			"faces": {
				"north": {"uv": [6, 1.9375, 8, 3.875], "texture": "#0"},
				"east": {"uv": [6, 1.9375, 8, 3.875], "texture": "#0"},
				"south": {"uv": [8, 1.9375, 6, 3.875], "texture": "#0"},
				"west": {"uv": [6, 1.9375, 8, 3.875], "texture": "#0"},
				"up": {"uv": [6, 1.9375, 8, 3.875], "texture": "#0"},
				"down": {"uv": [6, 1.9375, 8, 3.875], "texture": "#0"}
			}
		},
		{
			"from": [-3.5, 6, 9.05],
			"to": [3.5, 14, 9.05],
			"faces": {
				"north": {"uv": [8, 1.9375, 6, 3.875], "texture": "#0"},
				"east": {"uv": [6, 1.9375, 8, 3.875], "texture": "#0"},
				"south": {"uv": [6, 1.9375, 8, 3.875], "texture": "#0"},
				"west": {"uv": [6, 1.9375, 8, 3.875], "texture": "#0"},
				"up": {"uv": [6, 1.9375, 8, 3.875], "texture": "#0"},
				"down": {"uv": [6, 1.9375, 8, 3.875], "texture": "#0"}
			}
		}
	],
	"display": {
		"thirdperson_righthand": {
			"translation": [-0.25, -1.25, -1],
			"scale": [0.57, 0.57, 0.57]
		},
		"thirdperson_lefthand": {
			"translation": [-0.25, -1.5, -1],
			"scale": [0.57, 0.57, 0.57]
		},
		"firstperson_righthand": {
			"translation": [1.5, 3.75, 0]
		},
		"firstperson_lefthand": {
			"translation": [1.5, 3.75, 0]
		},
		"ground": {
			"translation": [0, 0.75, 0],
			"scale": [0.72, 0.72, 0.72]
		},
		"gui": {
			"rotation": [5, 180, 0],
			"translation": [0.25, 0, 0.75],
			"scale": [0.7, 0.84, 1.22]
		},
		"head": {
			"translation": [-1, 2.75, -1],
			"scale": [1.67, 1.80422, 1.7]
		},
		"fixed": {
			"rotation": [-89, 0, 0],
			"translation": [0, 0, -3.25]
		}
	},
	"groups": [
		{
			"name": "group",
			"origin": [0, 0, 0],
			"color": 0,
			"children": []
		},
		{
			"name": "hat",
			"origin": [0, 0, 0],
			"color": 0,
			"children": [0, 1, 2, 3, 4, 5, 6, 7, 8, 9, 10, 11, 12, 13, 14, 15, 16, 17, 18, 19, 20, 21, 22, 23, 24]
		},
		25,
		26
	]
}