{
	"credit": "Made with Blockbench",
	"texture_size": [8, 8],
	"textures": {
		"0": "blockbench/iron_crown",
		"particle": "blockbench/iron_crown"
	},
	"elements": [
		{
			"from": [0, 0, 0],
			"to": [16, 4, 0],
			"faces": {
				"north": {"uv": [0, 0.25, 2, 0.75], "texture": "#0"},
				"east": {"uv": [0, 16, 0, 16], "texture": "#0"},
				"south": {"uv": [2, 0.25, 4, 0.75], "texture": "#0"},
				"west": {"uv": [0, 16, 0, 16], "texture": "#0"},
				"up": {"uv": [0, 16, 0, 16], "texture": "#0"},
				"down": {"uv": [0, 16, 0, 16], "texture": "#0"}
			}
		},
		{
			"from": [0, 0, 16],
			"to": [16, 4, 16],
			"rotation": {"angle": 0, "axis": "y", "origin": [0, 0, 16]},
			"faces": {
				"north": {"uv": [4, 0.25, 6, 0.75], "texture": "#0"},
				"east": {"uv": [0, 16, 0, 16], "texture": "#0"},
				"south": {"uv": [6, 0.25, 8, 0.75], "texture": "#0"},
				"west": {"uv": [0, 16, 0, 16], "texture": "#0"},
				"up": {"uv": [0, 16, 0, 16], "texture": "#0"},
				"down": {"uv": [0, 16, 0, 16], "texture": "#0"}
			}
		},
		{
			"from": [0, 0, 0],
			"to": [0, 4, 16],
			"rotation": {"angle": 0, "axis": "y", "origin": [0, 0, 16]},
			"faces": {
				"north": {"uv": [0, 16, 0, 16], "texture": "#0"},
				"east": {"uv": [8, 0.25, 10, 0.75], "texture": "#0"},
				"south": {"uv": [0, 16, 0, 16], "texture": "#0"},
				"west": {"uv": [10, 0.25, 12, 0.75], "texture": "#0"},
				"up": {"uv": [0, 16, 0, 16], "texture": "#0"},
				"down": {"uv": [0, 16, 0, 16], "texture": "#0"}
			}
		},
		{
			"from": [16, 0, 0],
			"to": [16, 4, 16],
			"rotation": {"angle": 0, "axis": "y", "origin": [16, 0, 16]},
			"faces": {
				"north": {"uv": [0, 16, 0, 16], "texture": "#0"},
				"east": {"uv": [12, 0.25, 14, 0.75], "texture": "#0"},
				"south": {"uv": [0, 16, 0, 16], "texture": "#0"},
				"west": {"uv": [14, 0.25, 16, 0.75], "texture": "#0"},
				"up": {"uv": [0, 16, 0, 16], "texture": "#0"},
				"down": {"uv": [0, 16, 0, 16], "texture": "#0"}
			}
		}
	],
	"display": {
		"thirdperson_righthand": {
			"rotation": [58, 0, 0],
			"translation": [0, 2, 0.75],
			"scale": [0.54, 0.54, 0.54]
		},
		"thirdperson_lefthand": {
			"rotation": [58, 0, 0],
			"translation": [0, 2, 0.75],
			"scale": [0.54, 0.54, 0.54]
		},
		"firstperson_righthand": {
			"rotation": [-7.5, 0, 0],
			"translation": [0, 2.5, 0.75],
			"scale": [0.54, 0.54, 0.54]
		},
		"firstperson_lefthand": {
			"rotation": [-7.5, 0, 0],
			"translation": [0, 2.5, 0.75],
			"scale": [0.54, 0.54, 0.54]
		},
		"ground": {
			"translation": [0, 2, 0],
			"scale": [0.54, 0.54, 0.54]
		},
		"gui": {
			"rotation": [15, 150, 0],
			"translation": [0, 2, 0],
			"scale": [0.7, 0.7, 0.7]
		},
		"head": {
			"rotation": [0, 0, 0],
			"translation": [0, 9.5, 0],
			"scale": [0.925, 0.925, 0.925]
		},
		"fixed": {
			"rotation": [-90, 0, 0],
			"translation": [0, 0, -9],
			"scale": [1.125, 1.125, 1.125]
		}
	}
}