{
	"credit": "Made with Blockbench",
	"texture_size": [64, 64],
	"textures": {
		"0": "blockbench/makena_hat",
		"particle": "blockbench/makena_hat"
	},
	"elements": [
		{
			"from": [4, 12, 4],
			"to": [13, 12, 13],
			"faces": {
				"north": {"uv": [7, 2.25, 4.75, 0], "texture": "#0"},
				"east": {"uv": [7, 2.25, 4.75, 0], "texture": "#0"},
				"south": {"uv": [7, 2.25, 4.75, 0], "texture": "#0"},
				"west": {"uv": [7, 2.25, 4.75, 0], "texture": "#0"},
				"up": {"uv": [7, 2.25, 4.75, 0], "texture": "#0"},
				"down": {"uv": [7, 2.25, 4.75, 0], "texture": "#0"}
			}
		},
		{
			"from": [4, 8, 4],
			"to": [13, 12, 4],
			"faces": {
				"north": {"uv": [7.25, 7.5, 9.5, 8.5], "texture": "#0"},
				"east": {"uv": [7.25, 7.5, 9.5, 8.5], "texture": "#0"},
				"south": {"uv": [7.25, 7.5, 9.5, 8.5], "texture": "#0"},
				"west": {"uv": [7.25, 7.5, 9.5, 8.5], "texture": "#0"},
				"up": {"uv": [7.25, 7.5, 9.5, 8.5], "texture": "#0"},
				"down": {"uv": [7.25, 7.5, 9.5, 8.5], "texture": "#0"}
			}
		},
		{
			"from": [3.75, 8, 3.5],
			"to": [13.25, 10, 3.5],
			"faces": {
				"north": {"uv": [8.25, 7, 10.75, 7.5], "texture": "#0"},
				"east": {"uv": [8.25, 7, 10.75, 7.5], "texture": "#0"},
				"south": {"uv": [10.75, 7, 8.25, 7.5], "texture": "#0"},
				"west": {"uv": [8.25, 7, 10.75, 7.5], "texture": "#0"},
				"up": {"uv": [8.25, 7, 10.75, 7.5], "texture": "#0"},
				"down": {"uv": [8.25, 7, 10.75, 7.5], "texture": "#0"}
			}
		},
		{
			"from": [3.75, 10, 3.5],
			"to": [13.25, 12, 3.5],
			"faces": {
				"north": {"uv": [16, 0, 13.5, 0.5], "texture": "#0"},
				"east": {"uv": [13.5, 0, 16, 0.5], "texture": "#0"},
				"south": {"uv": [13.5, 0, 16, 0.5], "texture": "#0"},
				"west": {"uv": [13.5, 0, 16, 0.5], "texture": "#0"},
				"up": {"uv": [13.5, 0, 16, 0.5], "texture": "#0"},
				"down": {"uv": [13.5, 0, 16, 0.5], "texture": "#0"}
			}
		},
		{
			"from": [3.75, 8, 13.25],
			"to": [13.25, 10, 13.25],
			"faces": {
				"north": {"uv": [0, 9.5, 2.5, 10], "texture": "#0"},
				"east": {"uv": [0, 9.5, 2.5, 10], "texture": "#0"},
				"south": {"uv": [0, 9.5, 2.5, 10], "texture": "#0"},
				"west": {"uv": [0, 9.5, 2.5, 10], "texture": "#0"},
				"up": {"uv": [0, 9.5, 2.5, 10], "texture": "#0"},
				"down": {"uv": [0, 9.5, 2.5, 10], "texture": "#0"}
			}
		},
		{
			"from": [4, 8, 13],
			"to": [13, 12, 13],
			"faces": {
				"north": {"uv": [8.25, 5, 10.5, 6], "texture": "#0"},
				"east": {"uv": [8.25, 5, 10.5, 6], "texture": "#0"},
				"south": {"uv": [8.25, 5, 10.5, 6], "texture": "#0"},
				"west": {"uv": [8.25, 5, 10.5, 6], "texture": "#0"},
				"up": {"uv": [8.25, 5, 10.5, 6], "texture": "#0"},
				"down": {"uv": [8.25, 5, 10.5, 6], "texture": "#0"}
			}
		},
		{
			"from": [4, 8, 4],
			"to": [4, 12, 13],
			"faces": {
				"north": {"uv": [7.25, 8.5, 9.5, 9.5], "texture": "#0"},
				"east": {"uv": [7.25, 8.5, 9.5, 9.5], "texture": "#0"},
				"south": {"uv": [7.25, 8.5, 9.5, 9.5], "texture": "#0"},
				"west": {"uv": [7.25, 8.5, 9.5, 9.5], "texture": "#0"},
				"up": {"uv": [7.25, 8.5, 9.5, 9.5], "texture": "#0"},
				"down": {"uv": [7.25, 8.5, 9.5, 9.5], "texture": "#0"}
			}
		},
		{
			"from": [13, 8, 4],
			"to": [13, 12, 13],
			"faces": {
				"north": {"uv": [9.25, 0, 11.5, 1], "texture": "#0"},
				"east": {"uv": [9.25, 0, 11.5, 1], "texture": "#0"},
				"south": {"uv": [9.25, 0, 11.5, 1], "texture": "#0"},
				"west": {"uv": [9.25, 0, 11.5, 1], "texture": "#0"},
				"up": {"uv": [9.25, 0, 11.5, 1], "texture": "#0"},
				"down": {"uv": [9.25, 0, 11.5, 1], "texture": "#0"}
			}
		},
		{
			"from": [3.75, 8, 3.75],
			"to": [3.75, 10, 13.25],
			"faces": {
				"north": {"uv": [9.5, 7.5, 12, 8], "texture": "#0"},
				"east": {"uv": [9.5, 7.5, 12, 8], "texture": "#0"},
				"south": {"uv": [9.5, 7.5, 12, 8], "texture": "#0"},
				"west": {"uv": [9.5, 7.5, 12, 8], "texture": "#0"},
				"up": {"uv": [9.5, 7.5, 12, 8], "texture": "#0"},
				"down": {"uv": [9.5, 7.5, 12, 8], "texture": "#0"}
			}
		},
		{
			"from": [13.25, 8, 3.75],
			"to": [13.25, 10, 13.25],
			"faces": {
				"north": {"uv": [9.5, 8, 12, 8.5], "texture": "#0"},
				"east": {"uv": [9.5, 8, 12, 8.5], "texture": "#0"},
				"south": {"uv": [9.5, 8, 12, 8.5], "texture": "#0"},
				"west": {"uv": [9.5, 8, 12, 8.5], "texture": "#0"},
				"up": {"uv": [9.5, 8, 12, 8.5], "texture": "#0"},
				"down": {"uv": [9.5, 8, 12, 8.5], "texture": "#0"}
			}
		},
		{
			"from": [-1, 8, -1],
			"to": [18, 8, 18],
			"faces": {
				"north": {"uv": [4.75, 4.75, 0, 0], "texture": "#0"},
				"east": {"uv": [4.75, 4.75, 0, 0], "texture": "#0"},
				"south": {"uv": [4.75, 4.75, 0, 0], "texture": "#0"},
				"west": {"uv": [4.75, 4.75, 0, 0], "texture": "#0"},
				"up": {"uv": [4.75, 4.75, 0, 0], "texture": "#0"},
				"down": {"uv": [4.75, 0, 0, 4.75], "texture": "#0"}
			}
		},
		{
			"from": [3.751, 8, 3.75],
			"to": [13.251, 10, 3.75],
			"rotation": {"angle": 0, "axis": "y", "origin": [0.001, 0, 0.25]},
			"faces": {
				"north": {"uv": [9.5, 9, 12, 9.5], "texture": "#0"},
				"east": {"uv": [9.5, 9, 12, 9.5], "texture": "#0"},
				"south": {"uv": [9.5, 9, 12, 9.5], "texture": "#0"},
				"west": {"uv": [9.5, 9, 12, 9.5], "texture": "#0"},
				"up": {"uv": [9.5, 9, 12, 9.5], "texture": "#0"},
				"down": {"uv": [9.5, 9, 12, 9.5], "texture": "#0"}
			}
		},
		{
			"from": [3.751, 10, 3.75],
			"to": [13.251, 12, 3.75],
			"rotation": {"angle": 0, "axis": "y", "origin": [0.001, 0, 0.25]},
			"faces": {
				"north": {"uv": [16, 15.5, 13.5, 16], "texture": "#0"},
				"east": {"uv": [13.5, 15.5, 16, 16], "texture": "#0"},
				"south": {"uv": [13.5, 15.5, 16, 16], "texture": "#0"},
				"west": {"uv": [13.5, 15.5, 16, 16], "texture": "#0"},
				"up": {"uv": [13.5, 15.5, 16, 16], "texture": "#0"},
				"down": {"uv": [13.5, 15.5, 16, 16], "texture": "#0"}
			}
		},
		{
			"from": [4.25, 2, 4],
			"to": [4.25, 8, 13],
			"faces": {
				"north": {"uv": [4.75, 6, 7, 7.5], "texture": "#0"},
				"east": {"uv": [7, 6, 4.75, 7.5], "texture": "#0"},
				"south": {"uv": [4.75, 6, 7, 7.5], "texture": "#0"},
				"west": {"uv": [4.75, 6, 7, 7.5], "texture": "#0"},
				"up": {"uv": [4.75, 6, 7, 7.5], "texture": "#0"},
				"down": {"uv": [4.75, 6, 7, 7.5], "texture": "#0"}
			}
		},
		{
			"from": [12.75, 2, 4],
			"to": [12.75, 8, 13],
			"faces": {
				"north": {"uv": [7, 0, 9.25, 1.5], "texture": "#0"},
				"east": {"uv": [7, 0, 9.25, 1.5], "texture": "#0"},
				"south": {"uv": [7, 0, 9.25, 1.5], "texture": "#0"},
				"west": {"uv": [9.25, 0, 7, 1.5], "texture": "#0"},
				"up": {"uv": [7, 0, 9.25, 1.5], "texture": "#0"},
				"down": {"uv": [7, 0, 9.25, 1.5], "texture": "#0"}
			}
		},
		{
			"from": [8.23135, 2.09475, 4],
			"to": [12.73135, 2.09475, 13],
			"rotation": {"angle": 22.5, "axis": "z", "origin": [12.98135, 2.09475, 4]},
			"faces": {
				"north": {"uv": [8.25, 5.25, 7, 7.5], "texture": "#0"},
				"east": {"uv": [8.25, 5.25, 7, 7.5], "texture": "#0"},
				"south": {"uv": [8.25, 5.25, 7, 7.5], "texture": "#0"},
				"west": {"uv": [8.25, 5.25, 7, 7.5], "texture": "#0"},
				"up": {"uv": [8.25, 7.5, 7, 5.25], "texture": "#0"},
				"down": {"uv": [8.25, 5.25, 7, 7.5], "texture": "#0"}
			}
		},
		{
			"from": [4.26965, 2.09475, 4],
			"to": [8.76965, 2.09475, 13],
			"rotation": {"angle": -22.5, "axis": "z", "origin": [4.01965, 2.09475, 4]},
			"faces": {
				"north": {"uv": [7.25, 7.5, 6, 9.75], "texture": "#0"},
				"east": {"uv": [7.25, 7.5, 6, 9.75], "texture": "#0"},
				"south": {"uv": [7.25, 7.5, 6, 9.75], "texture": "#0"},
				"west": {"uv": [7.25, 7.5, 6, 9.75], "texture": "#0"},
				"up": {"uv": [7.25, 9.75, 6, 7.5], "texture": "#0"},
				"down": {"uv": [7.25, 7.5, 6, 9.75], "texture": "#0"}
			}
		},
		{
			"from": [8.25, -0.223, 5.5],
			"to": [8.75, 0.277, 5.5],
			"rotation": {"angle": 0, "axis": "y", "origin": [-0.15708, 0.027, -0.75]},
			"faces": {
				"north": {"uv": [8.5, 10.5, 8.75, 10.75], "texture": "#0"},
				"east": {"uv": [8.5, 10.5, 8.75, 10.75], "texture": "#0"},
				"south": {"uv": [8.5, 10.5, 8.75, 10.75], "texture": "#0"},
				"west": {"uv": [8.5, 10.5, 8.75, 10.75], "texture": "#0"},
				"up": {"uv": [8.5, 10.5, 8.75, 10.75], "texture": "#0"},
				"down": {"uv": [8.5, 10.5, 8.75, 10.75], "texture": "#0"}
			}
		},
		{
			"from": [8.75, -1.223, 5.5],
			"to": [9, -0.223, 5.5],
			"rotation": {"angle": 0, "axis": "y", "origin": [-0.15708, 0.027, -0.75]},
			"faces": {
				"north": {"uv": [9, 10.5, 9.25, 10.75], "texture": "#0"},
				"east": {"uv": [0, 0, 0, 0.25], "texture": "#0"},
				"south": {"uv": [9.25, 10.5, 9.5, 10.75], "texture": "#0"},
				"west": {"uv": [0, 0, 0, 0.25], "texture": "#0"},
				"up": {"uv": [0.25, 0, 0, 0], "texture": "#0"},
				"down": {"uv": [0.25, 0, 0, 0], "texture": "#0"}
			}
		},
		{
			"from": [8, -0.973, 5.5],
			"to": [8.25, -0.223, 5.5],
			"rotation": {"angle": 0, "axis": "y", "origin": [-0.15708, 0.027, -0.75]},
			"faces": {
				"north": {"uv": [9.5, 10.5, 9.75, 10.75], "texture": "#0"},
				"east": {"uv": [0, 0, 0, 0.25], "texture": "#0"},
				"south": {"uv": [10.5, 9.5, 10.75, 9.75], "texture": "#0"},
				"west": {"uv": [0, 0, 0, 0.25], "texture": "#0"},
				"up": {"uv": [0.25, 0, 0, 0], "texture": "#0"},
				"down": {"uv": [0.25, 0, 0, 0], "texture": "#0"}
			}
		},
		{
			"from": [13.3, 8.5, 9.75],
			"to": [13.3, 9, 10.25],
			"faces": {
				"north": {"uv": [2.5, 9.5, 2.75, 9.75], "texture": "#0"},
				"east": {"uv": [2.5, 9.5, 2.75, 9.75], "texture": "#0"},
				"south": {"uv": [2.5, 9.5, 2.75, 9.75], "texture": "#0"},
				"west": {"uv": [2.5, 9.5, 2.75, 9.75], "texture": "#0"},
				"up": {"uv": [2.5, 9.5, 2.75, 9.75], "texture": "#0"},
				"down": {"uv": [2.5, 9.5, 2.75, 9.75], "texture": "#0"}
			}
		},
		{
			"from": [13.3, 8, 9.25],
			"to": [13.3, 8.5, 9.75],
			"faces": {
				"north": {"uv": [3, 9.5, 3.25, 9.75], "texture": "#0"},
				"east": {"uv": [3, 9.5, 3.25, 9.75], "texture": "#0"},
				"south": {"uv": [3, 9.5, 3.25, 9.75], "texture": "#0"},
				"west": {"uv": [3, 9.5, 3.25, 9.75], "texture": "#0"},
				"up": {"uv": [3, 9.5, 3.25, 9.75], "texture": "#0"},
				"down": {"uv": [3, 9.5, 3.25, 9.75], "texture": "#0"}
			}
		},
		{
			"from": [13.3, 8.5, 8.75],
			"to": [13.3, 9, 9.25],
			"faces": {
				"north": {"uv": [3.5, 9.5, 3.75, 9.75], "texture": "#0"},
				"east": {"uv": [3.5, 9.5, 3.75, 9.75], "texture": "#0"},
				"south": {"uv": [3.5, 9.5, 3.75, 9.75], "texture": "#0"},
				"west": {"uv": [3.5, 9.5, 3.75, 9.75], "texture": "#0"},
				"up": {"uv": [3.5, 9.5, 3.75, 9.75], "texture": "#0"},
				"down": {"uv": [3.5, 9.5, 3.75, 9.75], "texture": "#0"}
			}
		},
		{
			"from": [13.3, 8.5, 9.25],
			"to": [13.3, 9, 9.75],
			"faces": {
				"north": {"uv": [4, 9.5, 4.25, 9.75], "texture": "#0"},
				"east": {"uv": [4, 9.5, 4.25, 9.75], "texture": "#0"},
				"south": {"uv": [4, 9.5, 4.25, 9.75], "texture": "#0"},
				"west": {"uv": [4, 9.5, 4.25, 9.75], "texture": "#0"},
				"up": {"uv": [4, 9.5, 4.25, 9.75], "texture": "#0"},
				"down": {"uv": [4, 9.5, 4.25, 9.75], "texture": "#0"}
			}
		},
		{
			"from": [13.3, 9, 9.25],
			"to": [13.3, 9.5, 9.75],
			"faces": {
				"north": {"uv": [4.5, 9.5, 4.75, 9.75], "texture": "#0"},
				"east": {"uv": [4.5, 9.5, 4.75, 9.75], "texture": "#0"},
				"south": {"uv": [4.5, 9.5, 4.75, 9.75], "texture": "#0"},
				"west": {"uv": [4.5, 9.5, 4.75, 9.75], "texture": "#0"},
				"up": {"uv": [4.5, 9.5, 4.75, 9.75], "texture": "#0"},
				"down": {"uv": [4.5, 9.5, 4.75, 9.75], "texture": "#0"}
			}
		},
		{
			"from": [13.3, 9.5, 9.25],
			"to": [13.3, 10, 9.75],
			"faces": {
				"north": {"uv": [5.25, 9.75, 5.5, 10], "texture": "#0"},
				"east": {"uv": [5.25, 9.75, 5.5, 10], "texture": "#0"},
				"south": {"uv": [5.25, 9.75, 5.5, 10], "texture": "#0"},
				"west": {"uv": [5.25, 9.75, 5.5, 10], "texture": "#0"},
				"up": {"uv": [5.25, 9.75, 5.5, 10], "texture": "#0"},
				"down": {"uv": [5.25, 9.75, 5.5, 10], "texture": "#0"}
			}
		},
		{
			"from": [13.15, 10, 9.75],
			"to": [13.15, 10.5, 10.25],
			"faces": {
				"north": {"uv": [1, 10, 1.25, 10.25], "texture": "#0"},
				"east": {"uv": [1, 10, 1.25, 10.25], "texture": "#0"},
				"south": {"uv": [1, 10, 1.25, 10.25], "texture": "#0"},
				"west": {"uv": [1, 10, 1.25, 10.25], "texture": "#0"},
				"up": {"uv": [1, 10, 1.25, 10.25], "texture": "#0"},
				"down": {"uv": [1, 10, 1.25, 10.25], "texture": "#0"}
			}
		},
		{
			"from": [13.15, 10.5, 10.25],
			"to": [13.15, 11, 10.75],
			"faces": {
				"north": {"uv": [5.5, 10, 5.75, 10.25], "texture": "#0"},
				"east": {"uv": [5.5, 10, 5.75, 10.25], "texture": "#0"},
				"south": {"uv": [5.5, 10, 5.75, 10.25], "texture": "#0"},
				"west": {"uv": [5.5, 10, 5.75, 10.25], "texture": "#0"},
				"up": {"uv": [5.5, 10, 5.75, 10.25], "texture": "#0"},
				"down": {"uv": [5.5, 10, 5.75, 10.25], "texture": "#0"}
			}
		},
		{
			"from": [13.15, 10.5, 10.75],
			"to": [13.15, 11, 11.25],
			"faces": {
				"north": {"uv": [7.5, 10.5, 7.75, 10.75], "texture": "#0"},
				"east": {"uv": [7.5, 10.5, 7.75, 10.75], "texture": "#0"},
				"south": {"uv": [7.5, 10.5, 7.75, 10.75], "texture": "#0"},
				"west": {"uv": [7.5, 10.5, 7.75, 10.75], "texture": "#0"},
				"up": {"uv": [7.5, 10.5, 7.75, 10.75], "texture": "#0"},
				"down": {"uv": [7.5, 10.5, 7.75, 10.75], "texture": "#0"}
			}
		},
		{
			"from": [13.15, 11, 10.25],
			"to": [13.15, 11.5, 10.75],
			"faces": {
				"north": {"uv": [6, 10, 6.25, 10.25], "texture": "#0"},
				"east": {"uv": [6, 10, 6.25, 10.25], "texture": "#0"},
				"south": {"uv": [6, 10, 6.25, 10.25], "texture": "#0"},
				"west": {"uv": [6, 10, 6.25, 10.25], "texture": "#0"},
				"up": {"uv": [6, 10, 6.25, 10.25], "texture": "#0"},
				"down": {"uv": [6, 10, 6.25, 10.25], "texture": "#0"}
			}
		},
		{
			"from": [13.15, 11.5, 10.25],
			"to": [13.15, 12, 10.75],
			"faces": {
				"north": {"uv": [6.5, 10, 6.75, 10.25], "texture": "#0"},
				"east": {"uv": [6.5, 10, 6.75, 10.25], "texture": "#0"},
				"south": {"uv": [6.5, 10, 6.75, 10.25], "texture": "#0"},
				"west": {"uv": [6.5, 10, 6.75, 10.25], "texture": "#0"},
				"up": {"uv": [6.5, 10, 6.75, 10.25], "texture": "#0"},
				"down": {"uv": [6.5, 10, 6.75, 10.25], "texture": "#0"}
			}
		},
		{
			"from": [13.15, 11.5, 10.75],
			"to": [13.15, 12, 11.25],
			"faces": {
				"north": {"uv": [8.5, 10, 8.75, 10.25], "texture": "#0"},
				"east": {"uv": [8.5, 10, 8.75, 10.25], "texture": "#0"},
				"south": {"uv": [8.5, 10, 8.75, 10.25], "texture": "#0"},
				"west": {"uv": [8.5, 10, 8.75, 10.25], "texture": "#0"},
				"up": {"uv": [8.5, 10, 8.75, 10.25], "texture": "#0"},
				"down": {"uv": [8.5, 10, 8.75, 10.25], "texture": "#0"}
			}
		},
		{
			"from": [13.15, 12, 10.75],
			"to": [13.15, 12.5, 11.25],
			"faces": {
				"north": {"uv": [9.75, 10, 10, 10.25], "texture": "#0"},
				"east": {"uv": [9.75, 10, 10, 10.25], "texture": "#0"},
				"south": {"uv": [9.75, 10, 10, 10.25], "texture": "#0"},
				"west": {"uv": [9.75, 10, 10, 10.25], "texture": "#0"},
				"up": {"uv": [9.75, 10, 10, 10.25], "texture": "#0"},
				"down": {"uv": [9.75, 10, 10, 10.25], "texture": "#0"}
			}
		},
		{
			"from": [13.15, 12, 9.25],
			"to": [13.15, 12.5, 9.75],
			"faces": {
				"north": {"uv": [2.75, 10.25, 3, 10.5], "texture": "#0"},
				"east": {"uv": [2.75, 10.25, 3, 10.5], "texture": "#0"},
				"south": {"uv": [2.75, 10.25, 3, 10.5], "texture": "#0"},
				"west": {"uv": [2.75, 10.25, 3, 10.5], "texture": "#0"},
				"up": {"uv": [2.75, 10.25, 3, 10.5], "texture": "#0"},
				"down": {"uv": [2.75, 10.25, 3, 10.5], "texture": "#0"}
			}
		},
		{
			"from": [13.15, 12, 9.75],
			"to": [13.15, 12.5, 10.25],
			"faces": {
				"north": {"uv": [2.25, 10.25, 2.5, 10.5], "texture": "#0"},
				"east": {"uv": [2.25, 10.25, 2.5, 10.5], "texture": "#0"},
				"south": {"uv": [2.25, 10.25, 2.5, 10.5], "texture": "#0"},
				"west": {"uv": [2.25, 10.25, 2.5, 10.5], "texture": "#0"},
				"up": {"uv": [2.25, 10.25, 2.5, 10.5], "texture": "#0"},
				"down": {"uv": [2.25, 10.25, 2.5, 10.5], "texture": "#0"}
			}
		},
		{
			"from": [13.15, 12.5, 9.75],
			"to": [13.15, 13, 10.25],
			"faces": {
				"north": {"uv": [1.75, 10.25, 2, 10.5], "texture": "#0"},
				"east": {"uv": [1.75, 10.25, 2, 10.5], "texture": "#0"},
				"south": {"uv": [1.75, 10.25, 2, 10.5], "texture": "#0"},
				"west": {"uv": [1.75, 10.25, 2, 10.5], "texture": "#0"},
				"up": {"uv": [1.75, 10.25, 2, 10.5], "texture": "#0"},
				"down": {"uv": [1.75, 10.25, 2, 10.5], "texture": "#0"}
			}
		},
		{
			"from": [13.15, 11.5, 8.75],
			"to": [13.15, 12, 9.25],
			"faces": {
				"north": {"uv": [4.75, 10.25, 5, 10.5], "texture": "#0"},
				"east": {"uv": [4.75, 10.25, 5, 10.5], "texture": "#0"},
				"south": {"uv": [4.75, 10.25, 5, 10.5], "texture": "#0"},
				"west": {"uv": [4.75, 10.25, 5, 10.5], "texture": "#0"},
				"up": {"uv": [4.75, 10.25, 5, 10.5], "texture": "#0"},
				"down": {"uv": [4.75, 10.25, 5, 10.5], "texture": "#0"}
			}
		},
		{
			"from": [13.15, 11.5, 8.25],
			"to": [13.15, 12, 8.75],
			"faces": {
				"north": {"uv": [5.25, 10.25, 5.5, 10.5], "texture": "#0"},
				"east": {"uv": [5.25, 10.25, 5.5, 10.5], "texture": "#0"},
				"south": {"uv": [5.25, 10.25, 5.5, 10.5], "texture": "#0"},
				"west": {"uv": [5.25, 10.25, 5.5, 10.5], "texture": "#0"},
				"up": {"uv": [5.25, 10.25, 5.5, 10.5], "texture": "#0"},
				"down": {"uv": [5.25, 10.25, 5.5, 10.5], "texture": "#0"}
			}
		},
		{
			"from": [13.15, 11.5, 7.75],
			"to": [13.15, 12, 8.25],
			"faces": {
				"north": {"uv": [6.25, 10.25, 6.5, 10.5], "texture": "#0"},
				"east": {"uv": [6.25, 10.25, 6.5, 10.5], "texture": "#0"},
				"south": {"uv": [6.25, 10.25, 6.5, 10.5], "texture": "#0"},
				"west": {"uv": [6.25, 10.25, 6.5, 10.5], "texture": "#0"},
				"up": {"uv": [6.25, 10.25, 6.5, 10.5], "texture": "#0"},
				"down": {"uv": [6.25, 10.25, 6.5, 10.5], "texture": "#0"}
			}
		},
		{
			"from": [13.15, 11.5, 7.25],
			"to": [13.15, 12, 7.75],
			"faces": {
				"north": {"uv": [5.75, 10.25, 6, 10.5], "texture": "#0"},
				"east": {"uv": [5.75, 10.25, 6, 10.5], "texture": "#0"},
				"south": {"uv": [5.75, 10.25, 6, 10.5], "texture": "#0"},
				"west": {"uv": [5.75, 10.25, 6, 10.5], "texture": "#0"},
				"up": {"uv": [5.75, 10.25, 6, 10.5], "texture": "#0"},
				"down": {"uv": [5.75, 10.25, 6, 10.5], "texture": "#0"}
			}
		},
		{
			"from": [13.15, 12, 6.25],
			"to": [13.15, 12.5, 6.75],
			"faces": {
				"north": {"uv": [4.25, 10.25, 4.5, 10.5], "texture": "#0"},
				"east": {"uv": [4.25, 10.25, 4.5, 10.5], "texture": "#0"},
				"south": {"uv": [4.25, 10.25, 4.5, 10.5], "texture": "#0"},
				"west": {"uv": [4.25, 10.25, 4.5, 10.5], "texture": "#0"},
				"up": {"uv": [4.25, 10.25, 4.5, 10.5], "texture": "#0"},
				"down": {"uv": [4.25, 10.25, 4.5, 10.5], "texture": "#0"}
			}
		},
		{
			"from": [13.15, 12, 6.75],
			"to": [13.15, 12.5, 7.25],
			"faces": {
				"north": {"uv": [3.75, 10.25, 4, 10.5], "texture": "#0"},
				"east": {"uv": [3.75, 10.25, 4, 10.5], "texture": "#0"},
				"south": {"uv": [3.75, 10.25, 4, 10.5], "texture": "#0"},
				"west": {"uv": [3.75, 10.25, 4, 10.5], "texture": "#0"},
				"up": {"uv": [3.75, 10.25, 4, 10.5], "texture": "#0"},
				"down": {"uv": [3.75, 10.25, 4, 10.5], "texture": "#0"}
			}
		},
		{
			"from": [13.15, 12.5, 6.25],
			"to": [13.15, 13, 6.75],
			"faces": {
				"north": {"uv": [3.25, 10.25, 3.5, 10.5], "texture": "#0"},
				"east": {"uv": [3.25, 10.25, 3.5, 10.5], "texture": "#0"},
				"south": {"uv": [3.25, 10.25, 3.5, 10.5], "texture": "#0"},
				"west": {"uv": [3.25, 10.25, 3.5, 10.5], "texture": "#0"},
				"up": {"uv": [3.25, 10.25, 3.5, 10.5], "texture": "#0"},
				"down": {"uv": [3.25, 10.25, 3.5, 10.5], "texture": "#0"}
			}
		},
		{
			"from": [13.15, 10.5, 5.75],
			"to": [13.15, 11, 6.25],
			"faces": {
				"north": {"uv": [8, 10, 8.25, 10.25], "texture": "#0"},
				"east": {"uv": [8, 10, 8.25, 10.25], "texture": "#0"},
				"south": {"uv": [8, 10, 8.25, 10.25], "texture": "#0"},
				"west": {"uv": [8, 10, 8.25, 10.25], "texture": "#0"},
				"up": {"uv": [8, 10, 8.25, 10.25], "texture": "#0"},
				"down": {"uv": [8, 10, 8.25, 10.25], "texture": "#0"}
			}
		},
		{
			"from": [13.15, 11, 5.75],
			"to": [13.15, 11.5, 6.25],
			"faces": {
				"north": {"uv": [7.5, 10, 7.75, 10.25], "texture": "#0"},
				"east": {"uv": [7.5, 10, 7.75, 10.25], "texture": "#0"},
				"south": {"uv": [7.5, 10, 7.75, 10.25], "texture": "#0"},
				"west": {"uv": [7.5, 10, 7.75, 10.25], "texture": "#0"},
				"up": {"uv": [7.5, 10, 7.75, 10.25], "texture": "#0"},
				"down": {"uv": [7.5, 10, 7.75, 10.25], "texture": "#0"}
			}
		},
		{
			"from": [13.15, 11.5, 5.75],
			"to": [13.15, 12, 6.25],
			"faces": {
				"north": {"uv": [7, 10, 7.25, 10.25], "texture": "#0"},
				"east": {"uv": [7, 10, 7.25, 10.25], "texture": "#0"},
				"south": {"uv": [7, 10, 7.25, 10.25], "texture": "#0"},
				"west": {"uv": [7, 10, 7.25, 10.25], "texture": "#0"},
				"up": {"uv": [7, 10, 7.25, 10.25], "texture": "#0"},
				"down": {"uv": [7, 10, 7.25, 10.25], "texture": "#0"}
			}
		},
		{
			"from": [13.15, 11.5, 5.25],
			"to": [13.15, 12, 5.75],
			"faces": {
				"north": {"uv": [0.25, 10.25, 0.5, 10.5], "texture": "#0"},
				"east": {"uv": [0.25, 10.25, 0.5, 10.5], "texture": "#0"},
				"south": {"uv": [0.25, 10.25, 0.5, 10.5], "texture": "#0"},
				"west": {"uv": [0.25, 10.25, 0.5, 10.5], "texture": "#0"},
				"up": {"uv": [0.25, 10.25, 0.5, 10.5], "texture": "#0"},
				"down": {"uv": [0.25, 10.25, 0.5, 10.5], "texture": "#0"}
			}
		},
		{
			"from": [13.15, 12, 5.25],
			"to": [13.15, 12.5, 5.75],
			"faces": {
				"north": {"uv": [10, 10, 10.25, 10.25], "texture": "#0"},
				"east": {"uv": [10, 10, 10.25, 10.25], "texture": "#0"},
				"south": {"uv": [10, 10, 10.25, 10.25], "texture": "#0"},
				"west": {"uv": [10, 10, 10.25, 10.25], "texture": "#0"},
				"up": {"uv": [10, 10, 10.25, 10.25], "texture": "#0"},
				"down": {"uv": [10, 10, 10.25, 10.25], "texture": "#0"}
			}
		},
		{
			"from": [13.15, 10.5, 5.25],
			"to": [13.15, 11, 5.75],
			"faces": {
				"north": {"uv": [8, 10.5, 8.25, 10.75], "texture": "#0"},
				"east": {"uv": [8, 10.5, 8.25, 10.75], "texture": "#0"},
				"south": {"uv": [8, 10.5, 8.25, 10.75], "texture": "#0"},
				"west": {"uv": [8, 10.5, 8.25, 10.75], "texture": "#0"},
				"up": {"uv": [8, 10.5, 8.25, 10.75], "texture": "#0"},
				"down": {"uv": [8, 10.5, 8.25, 10.75], "texture": "#0"}
			}
		},
		{
			"from": [13.15, 10, 6.25],
			"to": [13.15, 10.5, 6.75],
			"faces": {
				"north": {"uv": [2, 10, 2.25, 10.25], "texture": "#0"},
				"east": {"uv": [2, 10, 2.25, 10.25], "texture": "#0"},
				"south": {"uv": [2, 10, 2.25, 10.25], "texture": "#0"},
				"west": {"uv": [2, 10, 2.25, 10.25], "texture": "#0"},
				"up": {"uv": [2, 10, 2.25, 10.25], "texture": "#0"},
				"down": {"uv": [2, 10, 2.25, 10.25], "texture": "#0"}
			}
		},
		{
			"from": [13.3, 8.5, 6.25],
			"to": [13.3, 9, 6.75],
			"faces": {
				"north": {"uv": [0.5, 10, 0.75, 10.25], "texture": "#0"},
				"east": {"uv": [0.5, 10, 0.75, 10.25], "texture": "#0"},
				"south": {"uv": [0.5, 10, 0.75, 10.25], "texture": "#0"},
				"west": {"uv": [0.5, 10, 0.75, 10.25], "texture": "#0"},
				"up": {"uv": [0.5, 10, 0.75, 10.25], "texture": "#0"},
				"down": {"uv": [0.5, 10, 0.75, 10.25], "texture": "#0"}
			}
		},
		{
			"from": [13.3, 8, 6.75],
			"to": [13.3, 8.5, 7.25],
			"faces": {
				"north": {"uv": [0, 10, 0.25, 10.25], "texture": "#0"},
				"east": {"uv": [0, 10, 0.25, 10.25], "texture": "#0"},
				"south": {"uv": [0, 10, 0.25, 10.25], "texture": "#0"},
				"west": {"uv": [0, 10, 0.25, 10.25], "texture": "#0"},
				"up": {"uv": [0, 10, 0.25, 10.25], "texture": "#0"},
				"down": {"uv": [0, 10, 0.25, 10.25], "texture": "#0"}
			}
		},
		{
			"from": [13.3, 8.5, 7.25],
			"to": [13.3, 9, 7.75],
			"faces": {
				"north": {"uv": [9.75, 9.5, 10, 9.75], "texture": "#0"},
				"east": {"uv": [9.75, 9.5, 10, 9.75], "texture": "#0"},
				"south": {"uv": [9.75, 9.5, 10, 9.75], "texture": "#0"},
				"west": {"uv": [9.75, 9.5, 10, 9.75], "texture": "#0"},
				"up": {"uv": [9.75, 9.5, 10, 9.75], "texture": "#0"},
				"down": {"uv": [9.75, 9.5, 10, 9.75], "texture": "#0"}
			}
		},
		{
			"from": [13.3, 8.5, 6.75],
			"to": [13.3, 9, 7.25],
			"faces": {
				"north": {"uv": [6.75, 9.75, 7, 10], "texture": "#0"},
				"east": {"uv": [6.75, 9.75, 7, 10], "texture": "#0"},
				"south": {"uv": [6.75, 9.75, 7, 10], "texture": "#0"},
				"west": {"uv": [6.75, 9.75, 7, 10], "texture": "#0"},
				"up": {"uv": [6.75, 9.75, 7, 10], "texture": "#0"},
				"down": {"uv": [6.75, 9.75, 7, 10], "texture": "#0"}
			}
		},
		{
			"from": [13.3, 9, 6.75],
			"to": [13.3, 9.5, 7.25],
			"faces": {
				"north": {"uv": [6.25, 9.75, 6.5, 10], "texture": "#0"},
				"east": {"uv": [6.25, 9.75, 6.5, 10], "texture": "#0"},
				"south": {"uv": [6.25, 9.75, 6.5, 10], "texture": "#0"},
				"west": {"uv": [6.25, 9.75, 6.5, 10], "texture": "#0"},
				"up": {"uv": [6.25, 9.75, 6.5, 10], "texture": "#0"},
				"down": {"uv": [6.25, 9.75, 6.5, 10], "texture": "#0"}
			}
		},
		{
			"from": [13.3, 9.5, 6.75],
			"to": [13.3, 10, 7.25],
			"faces": {
				"north": {"uv": [5.75, 9.75, 6, 10], "texture": "#0"},
				"east": {"uv": [5.75, 9.75, 6, 10], "texture": "#0"},
				"south": {"uv": [5.75, 9.75, 6, 10], "texture": "#0"},
				"west": {"uv": [5.75, 9.75, 6, 10], "texture": "#0"},
				"up": {"uv": [5.75, 9.75, 6, 10], "texture": "#0"},
				"down": {"uv": [5.75, 9.75, 6, 10], "texture": "#0"}
			}
		},
		{
			"from": [13.15, 10, 7.25],
			"to": [13.15, 10.5, 7.75],
			"faces": {
				"north": {"uv": [4, 10.5, 4.25, 10.75], "texture": "#0"},
				"east": {"uv": [4, 10.5, 4.25, 10.75], "texture": "#0"},
				"south": {"uv": [4, 10.5, 4.25, 10.75], "texture": "#0"},
				"west": {"uv": [4, 10.5, 4.25, 10.75], "texture": "#0"},
				"up": {"uv": [4, 10.5, 4.25, 10.75], "texture": "#0"},
				"down": {"uv": [4, 10.5, 4.25, 10.75], "texture": "#0"}
			}
		},
		{
			"from": [13.15, 10, 7.75],
			"to": [13.15, 10.5, 8.25],
			"faces": {
				"north": {"uv": [3.75, 10.5, 4, 10.75], "texture": "#0"},
				"east": {"uv": [3.75, 10.5, 4, 10.75], "texture": "#0"},
				"south": {"uv": [3.75, 10.5, 4, 10.75], "texture": "#0"},
				"west": {"uv": [3.75, 10.5, 4, 10.75], "texture": "#0"},
				"up": {"uv": [3.75, 10.5, 4, 10.75], "texture": "#0"},
				"down": {"uv": [3.75, 10.5, 4, 10.75], "texture": "#0"}
			}
		},
		{
			"from": [13.15, 10, 8.75],
			"to": [13.15, 10.5, 9.25],
			"faces": {
				"north": {"uv": [3.5, 10.5, 3.75, 10.75], "texture": "#0"},
				"east": {"uv": [3.5, 10.5, 3.75, 10.75], "texture": "#0"},
				"south": {"uv": [3.5, 10.5, 3.75, 10.75], "texture": "#0"},
				"west": {"uv": [3.5, 10.5, 3.75, 10.75], "texture": "#0"},
				"up": {"uv": [3.5, 10.5, 3.75, 10.75], "texture": "#0"},
				"down": {"uv": [3.5, 10.5, 3.75, 10.75], "texture": "#0"}
			}
		},
		{
			"from": [13.15, 10, 8.25],
			"to": [13.15, 10.5, 8.75],
			"faces": {
				"north": {"uv": [3.25, 10.5, 3.5, 10.75], "texture": "#0"},
				"east": {"uv": [3.25, 10.5, 3.5, 10.75], "texture": "#0"},
				"south": {"uv": [3.25, 10.5, 3.5, 10.75], "texture": "#0"},
				"west": {"uv": [3.25, 10.5, 3.5, 10.75], "texture": "#0"},
				"up": {"uv": [3.25, 10.5, 3.5, 10.75], "texture": "#0"},
				"down": {"uv": [3.25, 10.5, 3.5, 10.75], "texture": "#0"}
			}
		},
		{
			"from": [13.15, 10, 9.25],
			"to": [13.15, 10.5, 9.75],
			"faces": {
				"north": {"uv": [1.5, 10, 1.75, 10.25], "texture": "#0"},
				"east": {"uv": [1.5, 10, 1.75, 10.25], "texture": "#0"},
				"south": {"uv": [1.5, 10, 1.75, 10.25], "texture": "#0"},
				"west": {"uv": [1.5, 10, 1.75, 10.25], "texture": "#0"},
				"up": {"uv": [1.5, 10, 1.75, 10.25], "texture": "#0"},
				"down": {"uv": [1.5, 10, 1.75, 10.25], "texture": "#0"}
			}
		},
		{
			"from": [13.15, 10, 6.75],
			"to": [13.15, 10.5, 7.25],
			"faces": {
				"north": {"uv": [5, 10, 5.25, 10.25], "texture": "#0"},
				"east": {"uv": [5, 10, 5.25, 10.25], "texture": "#0"},
				"south": {"uv": [5, 10, 5.25, 10.25], "texture": "#0"},
				"west": {"uv": [5, 10, 5.25, 10.25], "texture": "#0"},
				"up": {"uv": [5, 10, 5.25, 10.25], "texture": "#0"},
				"down": {"uv": [5, 10, 5.25, 10.25], "texture": "#0"}
			}
		},
		{
			"from": [13.15, 11.5, 9.75],
			"to": [13.15, 12, 10.25],
			"faces": {
				"north": {"uv": [9.5, 10, 9.75, 10.25], "texture": "#0"},
				"east": {"uv": [9.5, 10, 9.75, 10.25], "texture": "#0"},
				"south": {"uv": [9.5, 10, 9.75, 10.25], "texture": "#0"},
				"west": {"uv": [9.5, 10, 9.75, 10.25], "texture": "#0"},
				"up": {"uv": [9.5, 10, 9.75, 10.25], "texture": "#0"},
				"down": {"uv": [9.5, 10, 9.75, 10.25], "texture": "#0"}
			}
		},
		{
			"from": [13.15, 11.5, 9.25],
			"to": [13.15, 12, 9.75],
			"faces": {
				"north": {"uv": [9, 10, 9.25, 10.25], "texture": "#0"},
				"east": {"uv": [9, 10, 9.25, 10.25], "texture": "#0"},
				"south": {"uv": [9, 10, 9.25, 10.25], "texture": "#0"},
				"west": {"uv": [9, 10, 9.25, 10.25], "texture": "#0"},
				"up": {"uv": [9, 10, 9.25, 10.25], "texture": "#0"},
				"down": {"uv": [9, 10, 9.25, 10.25], "texture": "#0"}
			}
		},
		{
			"from": [13.15, 11.5, 6.25],
			"to": [13.15, 12, 6.75],
			"faces": {
				"north": {"uv": [1.25, 10.25, 1.5, 10.5], "texture": "#0"},
				"east": {"uv": [1.25, 10.25, 1.5, 10.5], "texture": "#0"},
				"south": {"uv": [1.25, 10.25, 1.5, 10.5], "texture": "#0"},
				"west": {"uv": [1.25, 10.25, 1.5, 10.5], "texture": "#0"},
				"up": {"uv": [1.25, 10.25, 1.5, 10.5], "texture": "#0"},
				"down": {"uv": [1.25, 10.25, 1.5, 10.5], "texture": "#0"}
			}
		},
		{
			"from": [13.15, 11.5, 6.75],
			"to": [13.15, 12, 7.25],
			"faces": {
				"north": {"uv": [0.75, 10.25, 1, 10.5], "texture": "#0"},
				"east": {"uv": [0.75, 10.25, 1, 10.5], "texture": "#0"},
				"south": {"uv": [0.75, 10.25, 1, 10.5], "texture": "#0"},
				"west": {"uv": [0.75, 10.25, 1, 10.5], "texture": "#0"},
				"up": {"uv": [0.75, 10.25, 1, 10.5], "texture": "#0"},
				"down": {"uv": [0.75, 10.25, 1, 10.5], "texture": "#0"}
			}
		},
		{
			"from": [13.15, 11, 6.75],
			"to": [13.15, 11.5, 7.25],
			"faces": {
				"north": {"uv": [10.25, 9.75, 10.5, 10], "texture": "#0"},
				"east": {"uv": [10.25, 9.75, 10.5, 10], "texture": "#0"},
				"south": {"uv": [10.25, 9.75, 10.5, 10], "texture": "#0"},
				"west": {"uv": [10.25, 9.75, 10.5, 10], "texture": "#0"},
				"up": {"uv": [10.25, 9.75, 10.5, 10], "texture": "#0"},
				"down": {"uv": [10.25, 9.75, 10.5, 10], "texture": "#0"}
			}
		},
		{
			"from": [13.15, 11, 7.25],
			"to": [13.15, 11.5, 7.75],
			"faces": {
				"north": {"uv": [10.25, 9.5, 10.5, 9.75], "texture": "#0"},
				"east": {"uv": [10.25, 9.5, 10.5, 9.75], "texture": "#0"},
				"south": {"uv": [10.25, 9.5, 10.5, 9.75], "texture": "#0"},
				"west": {"uv": [10.25, 9.5, 10.5, 9.75], "texture": "#0"},
				"up": {"uv": [10.25, 9.5, 10.5, 9.75], "texture": "#0"},
				"down": {"uv": [10.25, 9.5, 10.5, 9.75], "texture": "#0"}
			}
		},
		{
			"from": [13.15, 11, 7.75],
			"to": [13.15, 11.5, 8.25],
			"faces": {
				"north": {"uv": [9.25, 10.25, 9.5, 10.5], "texture": "#0"},
				"east": {"uv": [9.25, 10.25, 9.5, 10.5], "texture": "#0"},
				"south": {"uv": [9.25, 10.25, 9.5, 10.5], "texture": "#0"},
				"west": {"uv": [8.75, 11.25, 9, 11.5], "texture": "#0"},
				"up": {"uv": [9.25, 10.25, 9.5, 10.5], "texture": "#0"},
				"down": {"uv": [9.25, 10.25, 9.5, 10.5], "texture": "#0"}
			}
		},
		{
			"from": [13.15, 11, 8.25],
			"to": [13.15, 11.5, 8.75],
			"faces": {
				"north": {"uv": [8.75, 10.25, 9, 10.5], "texture": "#0"},
				"east": {"uv": [8.75, 10.25, 9, 10.5], "texture": "#0"},
				"south": {"uv": [8.75, 10.25, 9, 10.5], "texture": "#0"},
				"west": {"uv": [8.5, 11, 8.75, 11.25], "texture": "#0"},
				"up": {"uv": [8.75, 10.25, 9, 10.5], "texture": "#0"},
				"down": {"uv": [8.75, 10.25, 9, 10.5], "texture": "#0"}
			}
		},
		{
			"from": [13.15, 11, 8.75],
			"to": [13.15, 11.5, 9.25],
			"faces": {
				"north": {"uv": [8.25, 10.25, 8.5, 10.5], "texture": "#0"},
				"east": {"uv": [8.25, 10.25, 8.5, 10.5], "texture": "#0"},
				"south": {"uv": [8.25, 10.25, 8.5, 10.5], "texture": "#0"},
				"west": {"uv": [8.25, 10.25, 8.5, 10.5], "texture": "#0"},
				"up": {"uv": [8.25, 10.25, 8.5, 10.5], "texture": "#0"},
				"down": {"uv": [8.25, 10.25, 8.5, 10.5], "texture": "#0"}
			}
		},
		{
			"from": [13.15, 11, 9.25],
			"to": [13.15, 11.5, 9.75],
			"faces": {
				"north": {"uv": [7.75, 10.25, 8, 10.5], "texture": "#0"},
				"east": {"uv": [7.75, 10.25, 8, 10.5], "texture": "#0"},
				"south": {"uv": [7.75, 10.25, 8, 10.5], "texture": "#0"},
				"west": {"uv": [7.75, 10.25, 8, 10.5], "texture": "#0"},
				"up": {"uv": [7.75, 10.25, 8, 10.5], "texture": "#0"},
				"down": {"uv": [7.75, 10.25, 8, 10.5], "texture": "#0"}
			}
		},
		{
			"from": [13.15, 11, 9.75],
			"to": [13.15, 11.5, 10.25],
			"faces": {
				"north": {"uv": [7.25, 10.25, 7.5, 10.5], "texture": "#0"},
				"east": {"uv": [7.25, 10.25, 7.5, 10.5], "texture": "#0"},
				"south": {"uv": [7.25, 10.25, 7.5, 10.5], "texture": "#0"},
				"west": {"uv": [0, 10.75, 0.25, 11], "texture": "#0"},
				"up": {"uv": [7.25, 10.25, 7.5, 10.5], "texture": "#0"},
				"down": {"uv": [7.25, 10.25, 7.5, 10.5], "texture": "#0"}
			}
		},
		{
			"from": [13.15, 11, 6.25],
			"to": [13.15, 11.5, 6.75],
			"faces": {
				"north": {"uv": [6.75, 10.25, 7, 10.5], "texture": "#0"},
				"east": {"uv": [6.75, 10.25, 7, 10.5], "texture": "#0"},
				"south": {"uv": [6.75, 10.25, 7, 10.5], "texture": "#0"},
				"west": {"uv": [0, 11.25, 0.25, 11.5], "texture": "#0"},
				"up": {"uv": [6.75, 10.25, 7, 10.5], "texture": "#0"},
				"down": {"uv": [6.75, 10.25, 7, 10.5], "texture": "#0"}
			}
		},
		{
			"from": [13.15, 10.5, 6.75],
			"to": [13.15, 11, 7.25],
			"faces": {
				"north": {"uv": [3, 10.5, 3.25, 10.75], "texture": "#0"},
				"east": {"uv": [3, 10.5, 3.25, 10.75], "texture": "#0"},
				"south": {"uv": [3, 10.5, 3.25, 10.75], "texture": "#0"},
				"west": {"uv": [3, 10.5, 3.25, 10.75], "texture": "#0"},
				"up": {"uv": [3, 10.5, 3.25, 10.75], "texture": "#0"},
				"down": {"uv": [3, 10.5, 3.25, 10.75], "texture": "#0"}
			}
		},
		{
			"from": [13.15, 10.5, 7.25],
			"to": [13.15, 11, 7.75],
			"faces": {
				"north": {"uv": [2.5, 10.5, 2.75, 10.75], "texture": "#0"},
				"east": {"uv": [2.5, 10.5, 2.75, 10.75], "texture": "#0"},
				"south": {"uv": [2.5, 10.5, 2.75, 10.75], "texture": "#0"},
				"west": {"uv": [2.5, 10.5, 2.75, 10.75], "texture": "#0"},
				"up": {"uv": [2.5, 10.5, 2.75, 10.75], "texture": "#0"},
				"down": {"uv": [2.5, 10.5, 2.75, 10.75], "texture": "#0"}
			}
		},
		{
			"from": [13.15, 10.5, 7.75],
			"to": [13.15, 11, 8.25],
			"faces": {
				"north": {"uv": [2, 10.5, 2.25, 10.75], "texture": "#0"},
				"east": {"uv": [2, 10.5, 2.25, 10.75], "texture": "#0"},
				"south": {"uv": [2, 10.5, 2.25, 10.75], "texture": "#0"},
				"west": {"uv": [2, 10.5, 2.25, 10.75], "texture": "#0"},
				"up": {"uv": [2, 10.5, 2.25, 10.75], "texture": "#0"},
				"down": {"uv": [2, 10.5, 2.25, 10.75], "texture": "#0"}
			}
		},
		{
			"from": [13.15, 10.5, 8.25],
			"to": [13.15, 11, 8.75],
			"faces": {
				"north": {"uv": [1.5, 10.5, 1.75, 10.75], "texture": "#0"},
				"east": {"uv": [1.5, 10.5, 1.75, 10.75], "texture": "#0"},
				"south": {"uv": [1.5, 10.5, 1.75, 10.75], "texture": "#0"},
				"west": {"uv": [1.5, 10.5, 1.75, 10.75], "texture": "#0"},
				"up": {"uv": [1.5, 10.5, 1.75, 10.75], "texture": "#0"},
				"down": {"uv": [1.5, 10.5, 1.75, 10.75], "texture": "#0"}
			}
		},
		{
			"from": [13.15, 10.5, 8.75],
			"to": [13.15, 11, 9.25],
			"faces": {
				"north": {"uv": [1, 10.5, 1.25, 10.75], "texture": "#0"},
				"east": {"uv": [1, 10.5, 1.25, 10.75], "texture": "#0"},
				"south": {"uv": [1, 10.5, 1.25, 10.75], "texture": "#0"},
				"west": {"uv": [1, 10.5, 1.25, 10.75], "texture": "#0"},
				"up": {"uv": [1, 10.5, 1.25, 10.75], "texture": "#0"},
				"down": {"uv": [1, 10.5, 1.25, 10.75], "texture": "#0"}
			}
		},
		{
			"from": [13.15, 10.5, 9.25],
			"to": [13.15, 11, 9.75],
			"faces": {
				"north": {"uv": [0.5, 10.5, 0.75, 10.75], "texture": "#0"},
				"east": {"uv": [0.5, 10.5, 0.75, 10.75], "texture": "#0"},
				"south": {"uv": [0.5, 10.5, 0.75, 10.75], "texture": "#0"},
				"west": {"uv": [0.5, 10.5, 0.75, 10.75], "texture": "#0"},
				"up": {"uv": [0.5, 10.5, 0.75, 10.75], "texture": "#0"},
				"down": {"uv": [0.5, 10.5, 0.75, 10.75], "texture": "#0"}
			}
		},
		{
			"from": [13.15, 10.5, 9.75],
			"to": [13.15, 11, 10.25],
			"faces": {
				"north": {"uv": [0, 10.5, 0.25, 10.75], "texture": "#0"},
				"east": {"uv": [0, 10.5, 0.25, 10.75], "texture": "#0"},
				"south": {"uv": [0, 10.5, 0.25, 10.75], "texture": "#0"},
				"west": {"uv": [0, 10.5, 0.25, 10.75], "texture": "#0"},
				"up": {"uv": [0, 10.5, 0.25, 10.75], "texture": "#0"},
				"down": {"uv": [0, 10.5, 0.25, 10.75], "texture": "#0"}
			}
		},
		{
			"from": [13.15, 10.5, 6.25],
			"to": [13.15, 11, 6.75],
			"faces": {
				"north": {"uv": [10.25, 10, 10.5, 10.25], "texture": "#0"},
				"east": {"uv": [10.25, 10, 10.5, 10.25], "texture": "#0"},
				"south": {"uv": [10.25, 10, 10.5, 10.25], "texture": "#0"},
				"west": {"uv": [10.25, 10, 10.5, 10.25], "texture": "#0"},
				"up": {"uv": [10.25, 10, 10.5, 10.25], "texture": "#0"},
				"down": {"uv": [10.25, 10, 10.5, 10.25], "texture": "#0"}
			}
		},
		{
			"from": [13.15, 9.5, 6.75],
			"to": [13.15, 10, 7.25],
			"faces": {
				"north": {"uv": [5.5, 10.5, 5.75, 10.75], "texture": "#0"},
				"east": {"uv": [5.5, 10.5, 5.75, 10.75], "texture": "#0"},
				"south": {"uv": [5.5, 10.5, 5.75, 10.75], "texture": "#0"},
				"west": {"uv": [5.5, 10.5, 5.75, 10.75], "texture": "#0"},
				"up": {"uv": [5.5, 10.5, 5.75, 10.75], "texture": "#0"},
				"down": {"uv": [5.5, 10.5, 5.75, 10.75], "texture": "#0"}
			}
		},
		{
			"from": [13.15, 9.5, 7.25],
			"to": [13.15, 10, 7.75],
			"faces": {
				"north": {"uv": [5.25, 10.5, 5.5, 10.75], "texture": "#0"},
				"east": {"uv": [5.25, 10.5, 5.5, 10.75], "texture": "#0"},
				"south": {"uv": [5.25, 10.5, 5.5, 10.75], "texture": "#0"},
				"west": {"uv": [5.25, 10.5, 5.5, 10.75], "texture": "#0"},
				"up": {"uv": [5.25, 10.5, 5.5, 10.75], "texture": "#0"},
				"down": {"uv": [5.25, 10.5, 5.5, 10.75], "texture": "#0"}
			}
		},
		{
			"from": [13.15, 9.5, 7.75],
			"to": [13.15, 10, 8.25],
			"faces": {
				"north": {"uv": [5, 10.5, 5.25, 10.75], "texture": "#0"},
				"east": {"uv": [5, 10.5, 5.25, 10.75], "texture": "#0"},
				"south": {"uv": [5, 10.5, 5.25, 10.75], "texture": "#0"},
				"west": {"uv": [5, 10.5, 5.25, 10.75], "texture": "#0"},
				"up": {"uv": [5, 10.5, 5.25, 10.75], "texture": "#0"},
				"down": {"uv": [5, 10.5, 5.25, 10.75], "texture": "#0"}
			}
		},
		{
			"from": [13.15, 9.5, 8.25],
			"to": [13.15, 10, 8.75],
			"faces": {
				"north": {"uv": [4.75, 10.5, 5, 10.75], "texture": "#0"},
				"east": {"uv": [4.75, 10.5, 5, 10.75], "texture": "#0"},
				"south": {"uv": [4.75, 10.5, 5, 10.75], "texture": "#0"},
				"west": {"uv": [4.75, 10.5, 5, 10.75], "texture": "#0"},
				"up": {"uv": [4.75, 10.5, 5, 10.75], "texture": "#0"},
				"down": {"uv": [4.75, 10.5, 5, 10.75], "texture": "#0"}
			}
		},
		{
			"from": [13.15, 9.5, 8.75],
			"to": [13.15, 10, 9.25],
			"faces": {
				"north": {"uv": [4.5, 10.5, 4.75, 10.75], "texture": "#0"},
				"east": {"uv": [4.5, 10.5, 4.75, 10.75], "texture": "#0"},
				"south": {"uv": [4.5, 10.5, 4.75, 10.75], "texture": "#0"},
				"west": {"uv": [4.5, 10.5, 4.75, 10.75], "texture": "#0"},
				"up": {"uv": [4.5, 10.5, 4.75, 10.75], "texture": "#0"},
				"down": {"uv": [4.5, 10.5, 4.75, 10.75], "texture": "#0"}
			}
		},
		{
			"from": [13.15, 9.5, 9.25],
			"to": [13.15, 10, 9.75],
			"faces": {
				"north": {"uv": [4.25, 10.5, 4.5, 10.75], "texture": "#0"},
				"east": {"uv": [4.25, 10.5, 4.5, 10.75], "texture": "#0"},
				"south": {"uv": [4.25, 10.5, 4.5, 10.75], "texture": "#0"},
				"west": {"uv": [4.25, 10.5, 4.5, 10.75], "texture": "#0"},
				"up": {"uv": [4.25, 10.5, 4.5, 10.75], "texture": "#0"},
				"down": {"uv": [4.25, 10.5, 4.5, 10.75], "texture": "#0"}
			}
		},
		{
			"from": [13.15, 9, 6.75],
			"to": [13.15, 9.5, 7.25],
			"faces": {
				"north": {"uv": [7, 10.5, 7.25, 10.75], "texture": "#0"},
				"east": {"uv": [7, 10.5, 7.25, 10.75], "texture": "#0"},
				"south": {"uv": [7, 10.5, 7.25, 10.75], "texture": "#0"},
				"west": {"uv": [7, 10.5, 7.25, 10.75], "texture": "#0"},
				"up": {"uv": [7, 10.5, 7.25, 10.75], "texture": "#0"},
				"down": {"uv": [7, 10.5, 7.25, 10.75], "texture": "#0"}
			}
		},
		{
			"from": [13.15, 9, 7.25],
			"to": [13.15, 9.5, 7.75],
			"faces": {
				"north": {"uv": [6.75, 10.5, 7, 10.75], "texture": "#0"},
				"east": {"uv": [6.75, 10.5, 7, 10.75], "texture": "#0"},
				"south": {"uv": [6.75, 10.5, 7, 10.75], "texture": "#0"},
				"west": {"uv": [6.75, 10.5, 7, 10.75], "texture": "#0"},
				"up": {"uv": [6.75, 10.5, 7, 10.75], "texture": "#0"},
				"down": {"uv": [6.75, 10.5, 7, 10.75], "texture": "#0"}
			}
		},
		{
			"from": [13.15, 9, 7.75],
			"to": [13.15, 9.5, 8.25],
			"faces": {
				"north": {"uv": [6.5, 10.5, 6.75, 10.75], "texture": "#0"},
				"east": {"uv": [6.5, 10.5, 6.75, 10.75], "texture": "#0"},
				"south": {"uv": [6.5, 10.5, 6.75, 10.75], "texture": "#0"},
				"west": {"uv": [6.5, 10.5, 6.75, 10.75], "texture": "#0"},
				"up": {"uv": [6.5, 10.5, 6.75, 10.75], "texture": "#0"},
				"down": {"uv": [6.5, 10.5, 6.75, 10.75], "texture": "#0"}
			}
		},
		{
			"from": [13.15, 9, 8.25],
			"to": [13.15, 9.5, 8.75],
			"faces": {
				"north": {"uv": [6.25, 10.5, 6.5, 10.75], "texture": "#0"},
				"east": {"uv": [6.25, 10.5, 6.5, 10.75], "texture": "#0"},
				"south": {"uv": [6.25, 10.5, 6.5, 10.75], "texture": "#0"},
				"west": {"uv": [6.25, 10.5, 6.5, 10.75], "texture": "#0"},
				"up": {"uv": [6.25, 10.5, 6.5, 10.75], "texture": "#0"},
				"down": {"uv": [6.25, 10.5, 6.5, 10.75], "texture": "#0"}
			}
		},
		{
			"from": [13.15, 9, 8.75],
			"to": [13.15, 9.5, 9.25],
			"faces": {
				"north": {"uv": [6, 10.5, 6.25, 10.75], "texture": "#0"},
				"east": {"uv": [6, 10.5, 6.25, 10.75], "texture": "#0"},
				"south": {"uv": [6, 10.5, 6.25, 10.75], "texture": "#0"},
				"west": {"uv": [6, 10.5, 6.25, 10.75], "texture": "#0"},
				"up": {"uv": [6, 10.5, 6.25, 10.75], "texture": "#0"},
				"down": {"uv": [6, 10.5, 6.25, 10.75], "texture": "#0"}
			}
		},
		{
			"from": [13.15, 9, 9.25],
			"to": [13.15, 9.5, 9.75],
			"faces": {
				"north": {"uv": [5.75, 10.5, 6, 10.75], "texture": "#0"},
				"east": {"uv": [5.75, 10.5, 6, 10.75], "texture": "#0"},
				"south": {"uv": [5.75, 10.5, 6, 10.75], "texture": "#0"},
				"west": {"uv": [5.75, 10.5, 6, 10.75], "texture": "#0"},
				"up": {"uv": [5.75, 10.5, 6, 10.75], "texture": "#0"},
				"down": {"uv": [5.75, 10.5, 6, 10.75], "texture": "#0"}
			}
		}
	],
	"display": {
		"thirdperson_righthand": {
			"translation": [-0.25, 0, -1],
			"scale": [0.57, 0.57, 0.57]
		},
		"thirdperson_lefthand": {
			"translation": [-0.25, 0, -1],
			"scale": [0.57, 0.57, 0.57]
		},
		"firstperson_righthand": {
			"translation": [1.5, 0, 0]
		},
		"firstperson_lefthand": {
			"translation": [1.5, 0, 0]
		},
		"ground": {
			"scale": [0.72, 0.72, 0.72]
		},
		"gui": {
			"rotation": [15, -146, 0],
			"translation": [0.5, 1, 0],
			"scale": [0.63, 0.7, 0.79]
		},
		"head": {
			"rotation": [-3, 0, 0],
			"translation": [-0.75, 1.75, -0.75],
			"scale": [1.62, 1.59, 1.6693]
		},
		"fixed": {
			"rotation": [-89, 0, 0],
			"translation": [0, 0, -8.5]
		}
	},
	"groups": [
		{
			"name": "group",
			"origin": [0, 0, 0],
			"color": 0,
			"children": [0, 1, 2, 3, 4, 5, 6, 7, 8, 9, 10, 11, 12]
		},
		{
			"name": "group",
			"origin": [0, 0, 0],
			"color": 0,
			"children": [13, 14, 15, 16, 17, 18, 19]
		},
		{
			"name": "group",
			"origin": [0, 0, 0],
			"color": 0,
			"children": [
				20,
				21,
				22,
				23,
				24,
				25,
				26,
				27,
				28,
				29,
				30,
				31,
				32,
				33,
				34,
				35,
				36,
				37,
				38,
				39,
				40,
				41,
				42,
				43,
				44,
				45,
				46,
				47,
				48,
				49,
				50,
				51,
				52,
				53,
				54,
				55,
				56,
				57,
				58,
				59,
				60,
				61,
				62,
				63,
				64,
				65,
				66,
				67,
				68,
				69,
				70,
				71,
				72,
				73,
				74,
				75,
				76,
				77,
				78,
				79,
				80,
				81,
				82,
				83,
				84,
				85,
				86,
				87,
				88,
				89,
				90,
				91,
				92,
				93
			]
		}
	]
}