{
	"credit": "Made with Blockbench",
	"texture_size": [64, 64],
	"textures": {
		"0": "blockbench/noor_hat",
		"particle": "blockbench/noor_hat"
	},
	"elements": [
		{
			"from": [13, 7, 4],
			"to": [13, 9, 13],
			"faces": {
				"north": {"uv": [0, 0, 0, 0.5], "texture": "#0"},
				"east": {"uv": [7.25, 2, 9.5, 2.5], "texture": "#0"},
				"south": {"uv": [0, 0, 0, 0.5], "texture": "#0"},
				"west": {"uv": [7.25, 2.5, 9.5, 3], "texture": "#0"},
				"up": {"uv": [0, 2.25, 0, 0], "texture": "#0"},
				"down": {"uv": [0, 0, 0, 2.25], "texture": "#0"}
			}
		},
		{
			"from": [4, 7, 4],
			"to": [4, 9, 13],
			"faces": {
				"north": {"uv": [0, 0, 0, 0.5], "texture": "#0"},
				"east": {"uv": [7.25, 3, 9.5, 3.5], "texture": "#0"},
				"south": {"uv": [0, 0, 0, 0.5], "texture": "#0"},
				"west": {"uv": [7.25, 3.5, 9.5, 4], "texture": "#0"},
				"up": {"uv": [0, 2.25, 0, 0], "texture": "#0"},
				"down": {"uv": [0, 0, 0, 2.25], "texture": "#0"}
			}
		},
		{
			"from": [4, 7, 13],
			"to": [13, 9, 13],
			"faces": {
				"north": {"uv": [7.25, 4, 9.5, 4.5], "texture": "#0"},
				"east": {"uv": [0, 0, 0, 0.5], "texture": "#0"},
				"south": {"uv": [7.25, 4.5, 9.5, 5], "texture": "#0"},
				"west": {"uv": [0, 0, 0, 0.5], "texture": "#0"},
				"up": {"uv": [2.25, 0, 0, 0], "texture": "#0"},
				"down": {"uv": [2.25, 0, 0, 0], "texture": "#0"}
			}
		},
		{
			"from": [4, 7, 4],
			"to": [13, 9, 4],
			"faces": {
				"north": {"uv": [4.75, 7.25, 7, 7.75], "texture": "#0"},
				"east": {"uv": [0, 0, 0, 0.5], "texture": "#0"},
				"south": {"uv": [7, 7.25, 9.25, 7.75], "texture": "#0"},
				"west": {"uv": [0, 0, 0, 0.5], "texture": "#0"},
				"up": {"uv": [2.25, 0, 0, 0], "texture": "#0"},
				"down": {"uv": [2.25, 0, 0, 0], "texture": "#0"}
			}
		},
		{
			"from": [3.5, 9, 3.5],
			"to": [13.5, 11, 13.5],
			"rotation": {"angle": 0, "axis": "y", "origin": [8.5, 8, 8.5]},
			"faces": {
				"north": {"uv": [7.25, 0, 9.75, 0.5], "texture": "#0"},
				"east": {"uv": [7.25, 0.5, 9.75, 1], "texture": "#0"},
				"south": {"uv": [7.25, 1, 9.75, 1.5], "texture": "#0"},
				"west": {"uv": [7.25, 1.5, 9.75, 2], "texture": "#0"},
				"up": {"uv": [7.25, 2.5, 4.75, 0], "texture": "#0"},
				"down": {"uv": [7.25, 2.5, 4.75, 5], "texture": "#0"}
			}
		},
		{
			"from": [4, 8.75, 4],
			"to": [13, 8.75, 13],
			"faces": {
				"north": {"uv": [0, 0, 2.25, 0], "texture": "#0"},
				"east": {"uv": [0, 0, 2.25, 0], "texture": "#0"},
				"south": {"uv": [0, 0, 2.25, 0], "texture": "#0"},
				"west": {"uv": [0, 0, 2.25, 0], "texture": "#0"},
				"up": {"uv": [7, 7.25, 4.75, 5], "texture": "#0"},
				"down": {"uv": [9.25, 5, 7, 7.25], "texture": "#0"}
			}
		},
		{
			"from": [3.75, 7, 13.25],
			"to": [13.25, 8, 13.25],
			"faces": {
				"north": {"uv": [7.25, 7.75, 9.75, 8], "texture": "#0"},
				"east": {"uv": [7.25, 7.75, 9.75, 8], "texture": "#0"},
				"south": {"uv": [7.25, 7.75, 9.75, 8], "texture": "#0"},
				"west": {"uv": [7.25, 7.75, 9.75, 8], "texture": "#0"},
				"up": {"uv": [7.25, 7.75, 9.75, 8], "texture": "#0"},
				"down": {"uv": [7.25, 7.75, 9.75, 8], "texture": "#0"}
			}
		},
		{
			"from": [3.75, 7, 3.75],
			"to": [13.25, 8, 3.75],
			"faces": {
				"north": {"uv": [4.75, 8, 7.25, 8.25], "texture": "#0"},
				"east": {"uv": [4.75, 8, 7.25, 8.25], "texture": "#0"},
				"south": {"uv": [4.75, 8, 7.25, 8.25], "texture": "#0"},
				"west": {"uv": [4.75, 8, 7.25, 8.25], "texture": "#0"},
				"up": {"uv": [4.75, 8, 7.25, 8.25], "texture": "#0"},
				"down": {"uv": [4.75, 8, 7.25, 8.25], "texture": "#0"}
			}
		},
		{
			"from": [3.25, 7, 3.5],
			"to": [13.75, 8.5, 3.5],
			"faces": {
				"north": {"uv": [0, 9.5, 3.25, 10], "texture": "#0"},
				"east": {"uv": [0, 9.5, 3.25, 10], "texture": "#0"},
				"south": {"uv": [0, 9.5, 3.25, 10], "texture": "#0"},
				"west": {"uv": [0, 9.5, 3.25, 10], "texture": "#0"},
				"up": {"uv": [0, 9.5, 3.25, 10], "texture": "#0"},
				"down": {"uv": [0, 9.5, 3.25, 10], "texture": "#0"}
			}
		},
		{
			"from": [3.75, 7, 3.751],
			"to": [3.75, 8, 13.251],
			"rotation": {"angle": 0, "axis": "y", "origin": [0, 0, 0.251]},
			"faces": {
				"north": {"uv": [7.25, 8.25, 9.75, 8.5], "texture": "#0"},
				"east": {"uv": [7.25, 8.25, 9.75, 8.5], "texture": "#0"},
				"south": {"uv": [7.25, 8.25, 9.75, 8.5], "texture": "#0"},
				"west": {"uv": [7.25, 8.25, 9.75, 8.5], "texture": "#0"},
				"up": {"uv": [7.25, 8.25, 9.75, 8.5], "texture": "#0"},
				"down": {"uv": [7.25, 8.25, 9.75, 8.5], "texture": "#0"}
			}
		},
		{
			"from": [13.249, 7, 3.751],
			"to": [13.249, 8, 13.251],
			"rotation": {"angle": 0, "axis": "y", "origin": [-0.001, 0, 3.251]},
			"faces": {
				"north": {"uv": [4.75, 8.5, 7.25, 8.75], "texture": "#0"},
				"east": {"uv": [4.75, 8.5, 7.25, 8.75], "texture": "#0"},
				"south": {"uv": [4.75, 8.5, 7.25, 8.75], "texture": "#0"},
				"west": {"uv": [4.75, 8.5, 7.25, 8.75], "texture": "#0"},
				"up": {"uv": [4.75, 8.5, 7.25, 8.75], "texture": "#0"},
				"down": {"uv": [4.75, 8.5, 7.25, 8.75], "texture": "#0"}
			}
		},
		{
			"from": [-1, 7, -1],
			"to": [18, 7, 18],
			"faces": {
				"north": {"uv": [4.75, 4.75, 0, 0], "texture": "#0"},
				"east": {"uv": [4.75, 4.75, 0, 0], "texture": "#0"},
				"south": {"uv": [4.75, 4.75, 0, 0], "texture": "#0"},
				"west": {"uv": [4.75, 4.75, 0, 0], "texture": "#0"},
				"up": {"uv": [4.75, 4.75, 0, 0], "texture": "#0"},
				"down": {"uv": [4.75, 4.75, 0, 0], "texture": "#0"}
			}
		},
		{
			"from": [-1.25, 7.25, 3],
			"to": [4, 7.25, 14],
			"faces": {
				"north": {"uv": [0, 4.75, 1.3125, 7.5], "texture": "#0"},
				"east": {"uv": [0, 4.75, 1.3125, 7.5], "texture": "#0"},
				"south": {"uv": [0, 4.75, 1.3125, 7.5], "texture": "#0"},
				"west": {"uv": [0, 4.75, 1.3125, 7.5], "texture": "#0"},
				"up": {"uv": [1.3125, 4.75, 0, 7.5], "texture": "#0"},
				"down": {"uv": [1.3125, 7.5, 0, 4.75], "texture": "#0"}
			}
		},
		{
			"from": [-1.25, 4.251, 3],
			"to": [-1.25, 7.251, 14],
			"rotation": {"angle": 0, "axis": "y", "origin": [-1.25, 5.251, 3]},
			"faces": {
				"north": {"uv": [0, 8.75, 2.75, 9.5], "texture": "#0"},
				"east": {"uv": [2.75, 8.75, 0, 9.5], "texture": "#0"},
				"south": {"uv": [0, 8.75, 2.75, 9.5], "texture": "#0"},
				"west": {"uv": [0, 8.75, 2.75, 9.5], "texture": "#0"},
				"up": {"uv": [0, 8.75, 2.75, 9.5], "texture": "#0"},
				"down": {"uv": [0, 8.75, 2.75, 9.5], "texture": "#0"}
			}
		}
	],
	"display": {
		"thirdperson_righthand": {
			"translation": [-0.25, 0, -1],
			"scale": [0.57, 0.57, 0.57]
		},
		"thirdperson_lefthand": {
			"translation": [-0.25, 0, -1],
			"scale": [0.57, 0.57, 0.57]
		},
		"firstperson_righthand": {
			"translation": [1.5, 2.5, 0],
			"scale": [1, 1.43, 1]
		},
		"firstperson_lefthand": {
			"translation": [1.5, 2.5, 0],
			"scale": [1, 1.43, 1]
		},
		"ground": {
			"scale": [0.72, 0.72, 0.72]
		},
		"gui": {
			"rotation": [12, 146, 0],
			"translation": [0.25, 0, 0],
			"scale": [0.64, 0.81406, 0.73]
		},
		"head": {
			"rotation": [-6, 0, 2],
			"translation": [-0.75, 3.75, -0.75],
			"scale": [1.68, 1.72, 1.74]
		},
		"fixed": {
			"rotation": [-89, 0, 0],
			"translation": [0, 0, -2.5]
		}
	},
	"groups": [
		{
			"name": "group",
			"origin": [0, 0, 0],
			"color": 0,
			"children": []
		},
		{
			"name": "hat",
			"origin": [0, 0, 0],
			"color": 0,
			"children": [0, 1, 2, 3, 4, 5, 6, 7, 8, 9, 10, 11, 12, 13]
		}
	]
}