{
	"credit": "Made with Blockbench",
	"texture_size": [64, 64],
	"textures": {
		"0": "blockbench/sniffer_hide_hat",
		"1": "blockbench/sniffer_hide_hat2",
		"particle": "blockbench/sniffer_hide_hat2"
	},
	"elements": [
		{
			"from": [12.501, 10.5, -0.05],
			"to": [12.501, 14.5, 8.95],
			"rotation": {"angle": 0, "axis": "y", "origin": [0.001, -7, -0.3]},
			"faces": {
				"north": {"uv": [2.25, 2.5, 4.5, 3.5], "texture": "#0"},
				"east": {"uv": [2.25, 2.5, 4.5, 3.5], "texture": "#0"},
				"south": {"uv": [2.25, 2.5, 4.5, 3.5], "texture": "#0"},
				"west": {"uv": [2.25, 2.5, 4.5, 3.5], "texture": "#0"},
				"up": {"uv": [2.25, 2.5, 4.5, 3.5], "texture": "#0"},
				"down": {"uv": [2.25, 2.5, 4.5, 3.5], "texture": "#0"}
			}
		},
		{
			"from": [3.501, 10.5, -0.05],
			"to": [3.501, 14.5, 8.95],
			"rotation": {"angle": 0, "axis": "y", "origin": [0.001, -7, -0.3]},
			"faces": {
				"north": {"uv": [2.25, 2.5, 4.5, 3.5], "texture": "#0"},
				"east": {"uv": [2.25, 2.5, 4.5, 3.5], "texture": "#0"},
				"south": {"uv": [2.25, 2.5, 4.5, 3.5], "texture": "#0"},
				"west": {"uv": [2.25, 2.5, 4.5, 3.5], "texture": "#0"},
				"up": {"uv": [2.25, 2.5, 4.5, 3.5], "texture": "#0"},
				"down": {"uv": [2.25, 2.5, 4.5, 3.5], "texture": "#0"}
			}
		},
		{
			"from": [3.251, 10.5, -0.55],
			"to": [3.251, 11.5, 9.2],
			"rotation": {"angle": 0, "axis": "y", "origin": [0.001, -7, -0.3]},
			"faces": {
				"north": {"uv": [0, 0, 0, 0.25], "texture": "#0"},
				"east": {"uv": [0, 4.5, 2.5, 4.75], "texture": "#0"},
				"south": {"uv": [0, 0, 0, 0.25], "texture": "#0"},
				"west": {"uv": [0, 4.75, 2.5, 5], "texture": "#0"},
				"up": {"uv": [0, 2.5, 0, 0], "texture": "#0"},
				"down": {"uv": [0, 0, 0, 2.5], "texture": "#0"}
			}
		},
		{
			"from": [12.751, 10.5, -0.55],
			"to": [12.751, 11.5, 9.2],
			"rotation": {"angle": 0, "axis": "y", "origin": [0.001, -7, -0.3]},
			"faces": {
				"north": {"uv": [0, 0, 0, 0.25], "texture": "#0"},
				"east": {"uv": [0, 2.25, 2.5, 2.5], "texture": "#0"},
				"south": {"uv": [0, 0, 0, 0.25], "texture": "#0"},
				"west": {"uv": [0, 4.25, 2.5, 4.5], "texture": "#0"},
				"up": {"uv": [0, 2.5, 0, 0], "texture": "#0"},
				"down": {"uv": [0, 0, 0, 2.5], "texture": "#0"}
			}
		},
		{
			"from": [3.501, 10.5, 8.95],
			"to": [12.501, 14.5, 8.95],
			"rotation": {"angle": 0, "axis": "y", "origin": [0.001, -7, -0.3]},
			"faces": {
				"north": {"uv": [2.25, 2.5, 4.5, 3.5], "texture": "#0"},
				"east": {"uv": [2.25, 2.5, 4.5, 3.5], "texture": "#0"},
				"south": {"uv": [2.25, 2.5, 4.5, 3.5], "texture": "#0"},
				"west": {"uv": [2.25, 2.5, 4.5, 3.5], "texture": "#0"},
				"up": {"uv": [2.25, 2.5, 4.5, 3.5], "texture": "#0"},
				"down": {"uv": [2.25, 2.5, 4.5, 3.5], "texture": "#0"}
			}
		},
		{
			"from": [3.501, 10.5, -0.05],
			"to": [12.501, 14.5, -0.05],
			"rotation": {"angle": 0, "axis": "y", "origin": [0.001, -7, -0.3]},
			"faces": {
				"north": {"uv": [2.25, 2.5, 4.5, 3.5], "texture": "#0"},
				"east": {"uv": [2.25, 2.5, 4.5, 3.5], "texture": "#0"},
				"south": {"uv": [2.25, 2.5, 4.5, 3.5], "texture": "#0"},
				"west": {"uv": [2.25, 2.5, 4.5, 3.5], "texture": "#0"},
				"up": {"uv": [2.25, 2.5, 4.5, 3.5], "texture": "#0"},
				"down": {"uv": [2.25, 2.5, 4.5, 3.5], "texture": "#0"}
			}
		},
		{
			"from": [3.251, 10.5, -0.55],
			"to": [12.751, 11.5, -0.55],
			"rotation": {"angle": 0, "axis": "y", "origin": [0.001, -7, -0.3]},
			"faces": {
				"north": {"uv": [5, 0, 7.375, 0.25], "texture": "#0"},
				"east": {"uv": [0, 0, 0, 0.25], "texture": "#0"},
				"south": {"uv": [5, 0.25, 7.375, 0.5], "texture": "#0"},
				"west": {"uv": [0, 0, 0, 0.25], "texture": "#0"},
				"up": {"uv": [2.375, 0, 0, 0], "texture": "#0"},
				"down": {"uv": [2.375, 0, 0, 0], "texture": "#0"}
			}
		},
		{
			"from": [3.251, 10.5, 9.2],
			"to": [12.751, 11.5, 9.2],
			"rotation": {"angle": 0, "axis": "y", "origin": [0.001, -7, -0.3]},
			"faces": {
				"north": {"uv": [5, 0.5, 7.375, 0.75], "texture": "#0"},
				"east": {"uv": [0, 0, 0, 0.25], "texture": "#0"},
				"south": {"uv": [5, 1.5, 7.375, 1.75], "texture": "#0"},
				"west": {"uv": [0, 0, 0, 0.25], "texture": "#0"},
				"up": {"uv": [2.375, 0, 0, 0], "texture": "#0"},
				"down": {"uv": [2.375, 0, 0, 0], "texture": "#0"}
			}
		},
		{
			"from": [3.501, 14.5, -0.05],
			"to": [12.501, 14.5, 8.95],
			"rotation": {"angle": 0, "axis": "y", "origin": [0.001, -7, -0.3]},
			"faces": {
				"north": {"uv": [2.25, 2.25, 0, 0], "texture": "#0"},
				"east": {"uv": [2.25, 2.25, 0, 0], "texture": "#0"},
				"south": {"uv": [2.25, 2.25, 0, 0], "texture": "#0"},
				"west": {"uv": [2.25, 2.25, 0, 0], "texture": "#0"},
				"up": {"uv": [2.25, 2.25, 0, 0], "texture": "#0"},
				"down": {"uv": [0, 2.25, 2.25, 0], "texture": "#0"}
			}
		},
		{
			"from": [3.001, 14.7, -0.55],
			"to": [13.001, 14.7, 9.45],
			"rotation": {"angle": 0, "axis": "y", "origin": [0.001, -7, -0.3]},
			"faces": {
				"north": {"uv": [5, 2.5, 2.5, 0], "texture": "#0"},
				"east": {"uv": [5, 2.5, 2.5, 0], "texture": "#0"},
				"south": {"uv": [5, 2.5, 2.5, 0], "texture": "#0"},
				"west": {"uv": [5, 2.5, 2.5, 0], "texture": "#0"},
				"up": {"uv": [5, 2.5, 2.5, 0], "texture": "#0"},
				"down": {"uv": [5, 0, 2.5, 2.5], "texture": "#0"}
			}
		},
		{
			"from": [3.001, 11.7, 9.45],
			"to": [13.001, 14.7, 9.45],
			"rotation": {"angle": 0, "axis": "y", "origin": [0.001, -7, -0.3]},
			"faces": {
				"north": {"uv": [7.25, 6, 4.75, 6.75], "texture": "#0"},
				"east": {"uv": [4.75, 6, 7.25, 6.75], "texture": "#0"},
				"south": {"uv": [4.75, 6, 7.25, 6.75], "texture": "#0"},
				"west": {"uv": [4.75, 6, 7.25, 6.75], "texture": "#0"},
				"up": {"uv": [4.75, 6, 7.25, 6.75], "texture": "#0"},
				"down": {"uv": [4.75, 6, 7.25, 6.75], "texture": "#0"}
			}
		},
		{
			"from": [3.001, 11.7, -0.55],
			"to": [3.001, 14.7, 9.45],
			"rotation": {"angle": 0, "axis": "y", "origin": [0.001, -7, -0.3]},
			"faces": {
				"north": {"uv": [4.75, 5.25, 7.25, 6], "texture": "#0"},
				"east": {"uv": [7.25, 5.25, 4.75, 6], "texture": "#0"},
				"south": {"uv": [4.75, 5.25, 7.25, 6], "texture": "#0"},
				"west": {"uv": [4.75, 5.25, 7.25, 6], "texture": "#0"},
				"up": {"uv": [4.75, 5.25, 7.25, 6], "texture": "#0"},
				"down": {"uv": [4.75, 5.25, 7.25, 6], "texture": "#0"}
			}
		},
		{
			"from": [3.001, 11.7, -0.55],
			"to": [13.001, 14.7, -0.55],
			"rotation": {"angle": 0, "axis": "y", "origin": [0.001, -7, -0.3]},
			"faces": {
				"north": {"uv": [5, 3, 7.5, 3.75], "texture": "#0"},
				"east": {"uv": [5, 3, 7.5, 3.75], "texture": "#0"},
				"south": {"uv": [7.5, 3, 5, 3.75], "texture": "#0"},
				"west": {"uv": [5, 3, 7.5, 3.75], "texture": "#0"},
				"up": {"uv": [5, 3, 7.5, 3.75], "texture": "#0"},
				"down": {"uv": [5, 3, 7.5, 3.75], "texture": "#0"}
			}
		},
		{
			"from": [13.001, 11.7, -0.55],
			"to": [13.001, 14.7, 9.45],
			"rotation": {"angle": 0, "axis": "y", "origin": [0.001, -7, -0.3]},
			"faces": {
				"north": {"uv": [2.25, 5, 4.75, 5.75], "texture": "#0"},
				"east": {"uv": [2.25, 5, 4.75, 5.75], "texture": "#0"},
				"south": {"uv": [2.25, 5, 4.75, 5.75], "texture": "#0"},
				"west": {"uv": [4.75, 5, 2.25, 5.75], "texture": "#0"},
				"up": {"uv": [2.25, 5, 4.75, 5.75], "texture": "#0"},
				"down": {"uv": [2.25, 5, 4.75, 5.75], "texture": "#0"}
			}
		},
		{
			"from": [1.501, 7.5, -4.05],
			"to": [14.501, 10.5, -4.05],
			"rotation": {"angle": 0, "axis": "y", "origin": [0.001, -7, -0.3]},
			"faces": {
				"north": {"uv": [0, 3.5, 3.25, 4.25], "texture": "#0"},
				"east": {"uv": [0, 3.5, 3.25, 4.25], "texture": "#0"},
				"south": {"uv": [3.25, 3.5, 0, 4.25], "texture": "#0"},
				"west": {"uv": [0, 3.5, 3.25, 4.25], "texture": "#0"},
				"up": {"uv": [0, 3.5, 3.25, 4.25], "texture": "#0"},
				"down": {"uv": [0, 3.5, 3.25, 4.25], "texture": "#0"}
			}
		},
		{
			"from": [1.501, 7.5, 12.95],
			"to": [14.501, 10.5, 12.95],
			"rotation": {"angle": 0, "axis": "y", "origin": [0.001, -7, -0.3]},
			"faces": {
				"north": {"uv": [8.25, 2.25, 5, 3], "texture": "#0"},
				"east": {"uv": [5, 2.25, 8.25, 3], "texture": "#0"},
				"south": {"uv": [5, 2.25, 8.25, 3], "texture": "#0"},
				"west": {"uv": [5, 2.25, 8.25, 3], "texture": "#0"},
				"up": {"uv": [5, 2.25, 8.25, 3], "texture": "#0"},
				"down": {"uv": [5, 2.25, 8.25, 3], "texture": "#0"}
			}
		},
		{
			"from": [16.501, 8.5, -2.05],
			"to": [16.501, 10.5, 10.95],
			"rotation": {"angle": 0, "axis": "y", "origin": [13.001, 0, 8.7]},
			"faces": {
				"north": {"uv": [4.75, 4.75, 8, 5.25], "texture": "#0"},
				"east": {"uv": [4.75, 4.75, 8, 5.25], "texture": "#0"},
				"south": {"uv": [4.75, 4.75, 8, 5.25], "texture": "#0"},
				"west": {"uv": [8, 4.75, 4.75, 5.25], "texture": "#0"},
				"up": {"uv": [4.75, 4.75, 8, 5.25], "texture": "#0"},
				"down": {"uv": [4.75, 4.75, 8, 5.25], "texture": "#0"}
			}
		},
		{
			"from": [-0.499, 10.5, -4.05],
			"to": [16.501, 10.5, 12.95],
			"rotation": {"angle": 0, "axis": "y", "origin": [0.001, -7, -0.3]},
			"faces": {
				"north": {"uv": [4.25, 10, 0, 5.75], "texture": "#0"},
				"east": {"uv": [4.25, 10, 0, 5.75], "texture": "#0"},
				"south": {"uv": [4.25, 10, 0, 5.75], "texture": "#0"},
				"west": {"uv": [4.25, 10, 0, 5.75], "texture": "#0"},
				"up": {"uv": [4.25, 10, 0, 5.75], "texture": "#0"},
				"down": {"uv": [4.25, 5.75, 0, 10], "texture": "#0"}
			}
		},
		{
			"from": [-0.749, 10.75, -4.05],
			"to": [16.251, 10.75, 12.95],
			"rotation": {"angle": 0, "axis": "y", "origin": [0.001, -7, -0.3]},
			"faces": {
				"north": {"uv": [12.75, 13.125, 8.5, 8.875], "texture": "#0"},
				"east": {"uv": [12.75, 13.125, 8.5, 8.875], "texture": "#0"},
				"south": {"uv": [12.75, 13.125, 8.5, 8.875], "texture": "#0"},
				"west": {"uv": [12.75, 13.125, 8.5, 8.875], "texture": "#0"},
				"up": {"uv": [12.75, 13.125, 8.5, 8.875], "texture": "#0"},
				"down": {"uv": [12.75, 8.875, 8.5, 13.125], "texture": "#0"}
			}
		},
		{
			"from": [-0.499, 7.5, -2.05],
			"to": [-0.499, 10.5, 10.95],
			"rotation": {"angle": 0, "axis": "y", "origin": [0.001, -7, -0.3]},
			"faces": {
				"north": {"uv": [5, 0.75, 8.25, 1.5], "texture": "#0"},
				"east": {"uv": [8.25, 0.75, 5, 1.5], "texture": "#0"},
				"south": {"uv": [5, 0.75, 8.25, 1.5], "texture": "#0"},
				"west": {"uv": [5, 0.75, 8.25, 1.5], "texture": "#0"},
				"up": {"uv": [5, 0.75, 8.25, 1.5], "texture": "#0"},
				"down": {"uv": [5, 0.75, 8.25, 1.5], "texture": "#0"}
			}
		},
		{
			"from": [-0.749, 7.751, -0.05],
			"to": [-0.749, 10.751, 12.95],
			"rotation": {"angle": 0, "axis": "y", "origin": [0.501, -6.999, 1.7]},
			"faces": {
				"north": {"uv": [10.5, 0, 13.75, 0.75], "texture": "#0"},
				"east": {"uv": [13.75, 0, 10.5, 0.75], "texture": "#0"},
				"south": {"uv": [10.5, 0, 13.75, 0.75], "texture": "#0"},
				"west": {"uv": [10.5, 0, 13.75, 0.75], "texture": "#0"},
				"up": {"uv": [10.5, 0, 13.75, 0.75], "texture": "#0"},
				"down": {"uv": [10.5, 0, 13.75, 0.75], "texture": "#0"}
			}
		},
		{
			"from": [3.5, 5.5, -0.05],
			"to": [3.5, 10.5, 9.45],
			"faces": {
				"north": {"uv": [0, 0, 0, 2], "texture": "#1"},
				"east": {"uv": [0, 3.25, 2.5, 4.5], "texture": "#1"},
				"south": {"uv": [0, 0, 0, 2], "texture": "#1"},
				"west": {"uv": [2.5, 3.25, 5, 4.5], "texture": "#1"},
				"up": {"uv": [0, 2.5, 0, 0], "texture": "#1"},
				"down": {"uv": [0, 0, 0, 2.5], "texture": "#1"}
			}
		},
		{
			"from": [3.75, 5.25, 0.2],
			"to": [3.75, 10.25, 9.2],
			"rotation": {"angle": 0, "axis": "y", "origin": [0.25, -0.25, 0]},
			"faces": {
				"north": {"uv": [2.5, 4.5, 4.75, 6.5], "texture": "#1"},
				"east": {"uv": [4.75, 5.25, 2.5, 6.5], "texture": "#1"},
				"south": {"uv": [2.5, 4.5, 4.75, 6.5], "texture": "#1"},
				"west": {"uv": [2.5, 4.5, 4.75, 6.5], "texture": "#1"},
				"up": {"uv": [2.5, 4.5, 4.75, 6.5], "texture": "#1"},
				"down": {"uv": [2.5, 4.5, 4.75, 6.5], "texture": "#1"}
			}
		},
		{
			"from": [12.5, 5.5, -0.05],
			"to": [12.5, 10.5, 9.45],
			"rotation": {"angle": 0, "axis": "y", "origin": [12.5, 3.5, 0]},
			"faces": {
				"north": {"uv": [0, 0, 0, 2], "texture": "#1"},
				"east": {"uv": [0, 5.25, 2.5, 6.5], "texture": "#1"},
				"south": {"uv": [0, 0, 0, 2], "texture": "#1"},
				"west": {"uv": [4.5, 0.75, 7, 2], "texture": "#1"},
				"up": {"uv": [0, 2.5, 0, 0], "texture": "#1"},
				"down": {"uv": [0, 0, 0, 2.5], "texture": "#1"}
			}
		},
		{
			"from": [12.25, 5.25, 0.2],
			"to": [12.25, 10.25, 9.2],
			"rotation": {"angle": 0, "axis": "y", "origin": [12.25, 3.25, 0]},
			"faces": {
				"north": {"uv": [0, 6.5, 2.25, 8.5], "texture": "#1"},
				"east": {"uv": [0, 6.5, 2.25, 8.5], "texture": "#1"},
				"south": {"uv": [0, 6.5, 2.25, 8.5], "texture": "#1"},
				"west": {"uv": [2.25, 7.25, 0, 8.5], "texture": "#1"},
				"up": {"uv": [0, 6.5, 2.25, 8.5], "texture": "#1"},
				"down": {"uv": [0, 6.5, 2.25, 8.5], "texture": "#1"}
			}
		},
		{
			"from": [3.5, 5.501, 9.449],
			"to": [12.5, 10.501, 9.449],
			"rotation": {"angle": 0, "axis": "y", "origin": [12.5, 3.501, 9.449]},
			"faces": {
				"north": {"uv": [2.25, 7.25, 4.5, 8.5], "texture": "#1"},
				"east": {"uv": [0, 0, 0, 2], "texture": "#1"},
				"south": {"uv": [4.5, 7.25, 6.75, 8.5], "texture": "#1"},
				"west": {"uv": [0, 0, 0, 2], "texture": "#1"},
				"up": {"uv": [2.25, 0, 0, 0], "texture": "#1"},
				"down": {"uv": [2.25, 0, 0, 0], "texture": "#1"}
			}
		},
		{
			"from": [3.75, 5.251, 9.199],
			"to": [12.25, 10.251, 9.199],
			"rotation": {"angle": 0, "axis": "y", "origin": [12.5, 3.251, 9.199]},
			"faces": {
				"north": {"uv": [9, 7.25, 6.75, 8.5], "texture": "#1"},
				"east": {"uv": [6.75, 6.5, 9, 8.5], "texture": "#1"},
				"south": {"uv": [6.75, 6.5, 9, 8.5], "texture": "#1"},
				"west": {"uv": [6.75, 6.5, 9, 8.5], "texture": "#1"},
				"up": {"uv": [6.75, 6.5, 9, 8.5], "texture": "#1"},
				"down": {"uv": [6.75, 6.5, 9, 8.5], "texture": "#1"}
			}
		},
		{
			"from": [11.501, 5.5, -0.05],
			"to": [12.501, 10.5, -0.05],
			"rotation": {"angle": 0, "axis": "y", "origin": [12.501, -0.5, -0.05]},
			"faces": {
				"north": {"uv": [2.25, 9, 2.5, 10.25], "texture": "#1"},
				"east": {"uv": [0, 0, 0, 1.25], "texture": "#1"},
				"south": {"uv": [2.5, 9, 2.75, 10.25], "texture": "#1"},
				"west": {"uv": [0, 0, 0, 1.25], "texture": "#1"},
				"up": {"uv": [0.25, 0, 0, 0], "texture": "#1"},
				"down": {"uv": [0.25, 0, 0, 0], "texture": "#1"}
			}
		},
		{
			"from": [3.501, 5.5, -0.05],
			"to": [4.501, 10.5, -0.05],
			"rotation": {"angle": 0, "axis": "y", "origin": [4.501, -0.5, -0.05]},
			"faces": {
				"north": {"uv": [2.75, 9, 3, 10.25], "texture": "#1"},
				"east": {"uv": [0, 0, 0, 1.25], "texture": "#1"},
				"south": {"uv": [3, 9, 3.25, 10.25], "texture": "#1"},
				"west": {"uv": [0, 0, 0, 1.25], "texture": "#1"},
				"up": {"uv": [0.25, 0, 0, 0], "texture": "#1"},
				"down": {"uv": [0.25, 0, 0, 0], "texture": "#1"}
			}
		},
		{
			"from": [4.501, 5.5, -0.05],
			"to": [5.501, 6.5, -0.05],
			"rotation": {"angle": 0, "axis": "y", "origin": [5.501, -5.5, -0.05]},
			"faces": {
				"north": {"uv": [9.25, 0.5, 9.5, 0.75], "texture": "#1"},
				"east": {"uv": [0, 0, 0, 0.25], "texture": "#1"},
				"south": {"uv": [0.75, 9.25, 1, 9.5], "texture": "#1"},
				"west": {"uv": [0, 0, 0, 0.25], "texture": "#1"},
				"up": {"uv": [0.25, 0, 0, 0], "texture": "#1"},
				"down": {"uv": [0.25, 0, 0, 0], "texture": "#1"}
			}
		},
		{
			"from": [10.501, 5.5, -0.05],
			"to": [11.501, 6.5, -0.05],
			"rotation": {"angle": 0, "axis": "y", "origin": [11.501, -5.5, -0.05]},
			"faces": {
				"north": {"uv": [9.25, 0.75, 9.5, 1], "texture": "#1"},
				"east": {"uv": [0, 0, 0, 0.25], "texture": "#1"},
				"south": {"uv": [1, 9.25, 1.25, 9.5], "texture": "#1"},
				"west": {"uv": [0, 0, 0, 0.25], "texture": "#1"},
				"up": {"uv": [0.25, 0, 0, 0], "texture": "#1"},
				"down": {"uv": [0.25, 0, 0, 0], "texture": "#1"}
			}
		},
		{
			"from": [11.251, 5.5, 0.2],
			"to": [12.251, 10.5, 0.2],
			"rotation": {"angle": 0, "axis": "y", "origin": [12.251, -0.5, 0.2]},
			"faces": {
				"north": {"uv": [3.25, 9, 3.5, 10.25], "texture": "#1"},
				"east": {"uv": [3.25, 9, 3.5, 10.25], "texture": "#1"},
				"south": {"uv": [3.25, 9, 3.5, 10.25], "texture": "#1"},
				"west": {"uv": [3.25, 9, 3.5, 10.25], "texture": "#1"},
				"up": {"uv": [3.25, 9, 3.5, 10.25], "texture": "#1"},
				"down": {"uv": [3.25, 9, 3.5, 10.25], "texture": "#1"}
			}
		},
		{
			"from": [10.251, 5.5, 0.2],
			"to": [11.251, 6.5, 0.2],
			"rotation": {"angle": 0, "axis": "y", "origin": [11.251, -5.5, 0.2]},
			"faces": {
				"north": {"uv": [9.25, 1, 9.5, 1.25], "texture": "#1"},
				"east": {"uv": [9.25, 1, 9.5, 1.25], "texture": "#1"},
				"south": {"uv": [9.25, 1, 9.5, 1.25], "texture": "#1"},
				"west": {"uv": [9.25, 1, 9.5, 1.25], "texture": "#1"},
				"up": {"uv": [9.25, 1, 9.5, 1.25], "texture": "#1"},
				"down": {"uv": [9.25, 1, 9.5, 1.25], "texture": "#1"}
			}
		},
		{
			"from": [4.751, 5.5, 0.2],
			"to": [5.751, 6.5, 0.2],
			"rotation": {"angle": 0, "axis": "y", "origin": [5.751, -5.5, 0.2]},
			"faces": {
				"north": {"uv": [9.25, 1.75, 9.5, 2], "texture": "#1"},
				"east": {"uv": [9.25, 1.75, 9.5, 2], "texture": "#1"},
				"south": {"uv": [9.25, 1.75, 9.5, 2], "texture": "#1"},
				"west": {"uv": [9.25, 1.75, 9.5, 2], "texture": "#1"},
				"up": {"uv": [9.25, 1.75, 9.5, 2], "texture": "#1"},
				"down": {"uv": [9.25, 1.75, 9.5, 2], "texture": "#1"}
			}
		},
		{
			"from": [3.751, 5.5, 0.2],
			"to": [4.751, 10.5, 0.2],
			"rotation": {"angle": 0, "axis": "y", "origin": [4.751, -0.5, 0.2]},
			"faces": {
				"north": {"uv": [3.75, 9, 4, 10.25], "texture": "#1"},
				"east": {"uv": [3.75, 9, 4, 10.25], "texture": "#1"},
				"south": {"uv": [3.75, 9, 4, 10.25], "texture": "#1"},
				"west": {"uv": [3.75, 9, 4, 10.25], "texture": "#1"},
				"up": {"uv": [3.75, 9, 4, 10.25], "texture": "#1"},
				"down": {"uv": [3.75, 9, 4, 10.25], "texture": "#1"}
			}
		}
	],
	"display": {
		"thirdperson_righthand": {
			"translation": [0, -0.75, 2.25],
			"scale": [0.57, 0.57, 0.57]
		},
		"thirdperson_lefthand": {
			"translation": [0, -0.75, 2.25],
			"scale": [0.57, 0.57, 0.57]
		},
		"firstperson_righthand": {
			"rotation": [-1, 0, 0],
			"translation": [2.75, -2.75, 0],
			"scale": [1.33, 1.44, 0.88]
		},
		"firstperson_lefthand": {
			"rotation": [1, 0, 0],
			"translation": [4.25, -2.75, -1.5],
			"scale": [1.33, 1.44, 0.88]
		},
		"ground": {
			"translation": [0.75, 1.25, 4.5],
			"scale": [0.87, 0.87, 0.87]
		},
		"gui": {
			"rotation": [11, 150, 0],
			"translation": [1.5, -1.25, 0],
			"scale": [0.72, 0.89, 0.83]
		},
		"head": {
			"translation": [0, -2.5, 5.75],
			"scale": [1.7, 1.8, 1.67]
		},
		"fixed": {
			"rotation": [-91, 0, 0],
			"translation": [0.25, 4.25, -3.5],
			"scale": [1.13922, 1.32477, 1.11188]
		}
	},
	"groups": [
		{
			"name": "hat",
			"origin": [0, 0, 0],
			"color": 0,
			"children": [0, 1, 2, 3, 4, 5, 6, 7, 8, 9, 10, 11, 12, 13, 14, 15, 16, 17, 18, 19, 20]
		},
		{
			"name": "group",
			"origin": [0, 0, 0],
			"color": 0,
			"children": [21, 22, 23, 24, 25, 26, 27, 28, 29, 30, 31, 32, 33, 34]
		}
	]
}