{
	"credit": "Made with Blockbench",
	"texture_size": [64, 64],
	"textures": {
		"0": "blockbench/steve_hat",
		"particle": "blockbench/steve_hat"
	},
	"elements": [
		{
			"from": [12.6194, 5.08658, 1],
			"to": [13.6194, 5.08658, 16],
			"rotation": {"angle": 22.5, "axis": "z", "origin": [8, 7, 8]},
			"faces": {
				"north": {"uv": [1, 8.25, 0.75, 4.5], "texture": "#0"},
				"east": {"uv": [1, 8.25, 0.75, 4.5], "texture": "#0"},
				"south": {"uv": [1, 8.25, 0.75, 4.5], "texture": "#0"},
				"west": {"uv": [1, 8.25, 0.75, 4.5], "texture": "#0"},
				"up": {"uv": [1, 8.25, 0.75, 4.5], "texture": "#0"},
				"down": {"uv": [1, 4.5, 0.75, 8.25], "texture": "#0"}
			}
		},
		{
			"from": [13.6194, 5.08658, 2],
			"to": [14.6194, 5.08658, 15],
			"rotation": {"angle": 22.5, "axis": "z", "origin": [8, 7, 8]},
			"faces": {
				"north": {"uv": [1.25, 7.75, 1, 4.5], "texture": "#0"},
				"east": {"uv": [1.25, 7.75, 1, 4.5], "texture": "#0"},
				"south": {"uv": [1.25, 7.75, 1, 4.5], "texture": "#0"},
				"west": {"uv": [1.25, 7.75, 1, 4.5], "texture": "#0"},
				"up": {"uv": [1.25, 7.75, 1, 4.5], "texture": "#0"},
				"down": {"uv": [1.25, 4.5, 1, 7.75], "texture": "#0"}
			}
		},
		{
			"from": [14.6194, 5.08658, 3],
			"to": [15.6194, 5.08658, 14],
			"rotation": {"angle": 22.5, "axis": "z", "origin": [8, 7, 8]},
			"faces": {
				"north": {"uv": [1.5, 7.25, 1.25, 4.5], "texture": "#0"},
				"east": {"uv": [1.5, 7.25, 1.25, 4.5], "texture": "#0"},
				"south": {"uv": [1.5, 7.25, 1.25, 4.5], "texture": "#0"},
				"west": {"uv": [1.5, 7.25, 1.25, 4.5], "texture": "#0"},
				"up": {"uv": [1.5, 7.25, 1.25, 4.5], "texture": "#0"},
				"down": {"uv": [1.5, 7.25, 1.25, 4.5], "texture": "#0"}
			}
		},
		{
			"from": [3.30448, 5.46927, 1],
			"to": [4.30448, 5.46927, 16],
			"rotation": {"angle": -22.5, "axis": "z", "origin": [8, 7, 8]},
			"faces": {
				"north": {"uv": [0, 0, 0.25, 0], "texture": "#0"},
				"east": {"uv": [0, 0, 3.75, 0], "texture": "#0"},
				"south": {"uv": [0, 0, 0.25, 0], "texture": "#0"},
				"west": {"uv": [0, 0, 3.75, 0], "texture": "#0"},
				"up": {"uv": [0.25, 8.25, 0, 4.5], "texture": "#0"},
				"down": {"uv": [1.75, 4.5, 1.5, 8.25], "texture": "#0"}
			}
		},
		{
			"from": [2.30448, 5.46927, 2],
			"to": [3.30448, 5.46927, 15],
			"rotation": {"angle": -22.5, "axis": "z", "origin": [8, 7, 8]},
			"faces": {
				"north": {"uv": [0, 0, 0.25, 0], "texture": "#0"},
				"east": {"uv": [0, 0, 3.25, 0], "texture": "#0"},
				"south": {"uv": [0, 0, 0.25, 0], "texture": "#0"},
				"west": {"uv": [0, 0, 3.25, 0], "texture": "#0"},
				"up": {"uv": [0.5, 7.75, 0.25, 4.5], "texture": "#0"},
				"down": {"uv": [2, 4.5, 1.75, 7.75], "texture": "#0"}
			}
		},
		{
			"from": [4, 7, 0],
			"to": [13, 7, 4],
			"rotation": {"angle": 0, "axis": "y", "origin": [8, 7, 8]},
			"faces": {
				"north": {"uv": [6.75, 2.5, 4.5, 1.5], "texture": "#0"},
				"east": {"uv": [6.75, 2.5, 4.5, 1.5], "texture": "#0"},
				"south": {"uv": [6.75, 2.5, 4.5, 1.5], "texture": "#0"},
				"west": {"uv": [6.75, 2.5, 4.5, 1.5], "texture": "#0"},
				"up": {"uv": [6.75, 2.5, 4.5, 1.5], "texture": "#0"},
				"down": {"uv": [6.75, 1.5, 4.5, 2.5], "texture": "#0"}
			}
		},
		{
			"from": [1.30448, 5.46927, 3],
			"to": [2.30448, 5.46927, 14],
			"rotation": {"angle": -22.5, "axis": "z", "origin": [8, 7, 8]},
			"faces": {
				"north": {"uv": [0, 0, 0.25, 0], "texture": "#0"},
				"east": {"uv": [0, 0, 2.75, 0], "texture": "#0"},
				"south": {"uv": [0, 0, 0.25, 0], "texture": "#0"},
				"west": {"uv": [0, 0, 2.75, 0], "texture": "#0"},
				"up": {"uv": [0.75, 7.25, 0.5, 4.5], "texture": "#0"},
				"down": {"uv": [2.5, 4.5, 2.25, 7.25], "texture": "#0"}
			}
		},
		{
			"from": [4, 7, 13],
			"to": [13, 7, 17],
			"rotation": {"angle": 0, "axis": "y", "origin": [8, 7, 8]},
			"faces": {
				"north": {"uv": [6.75, 3.5, 4.5, 2.5], "texture": "#0"},
				"east": {"uv": [6.75, 3.5, 4.5, 2.5], "texture": "#0"},
				"south": {"uv": [6.75, 3.5, 4.5, 2.5], "texture": "#0"},
				"west": {"uv": [6.75, 3.5, 4.5, 2.5], "texture": "#0"},
				"up": {"uv": [6.75, 3.5, 4.5, 2.5], "texture": "#0"},
				"down": {"uv": [6.75, 2.5, 4.5, 3.5], "texture": "#0"}
			}
		},
		{
			"from": [4, 11, 4],
			"to": [13, 11, 13],
			"faces": {
				"north": {"uv": [0, 0, 2.25, 0], "texture": "#0"},
				"east": {"uv": [0, 0, 2.25, 0], "texture": "#0"},
				"south": {"uv": [0, 0, 2.25, 0], "texture": "#0"},
				"west": {"uv": [0, 0, 2.25, 0], "texture": "#0"},
				"up": {"uv": [2.25, 2.25, 0, 0], "texture": "#0"},
				"down": {"uv": [2.25, 2.25, 0, 4.5], "texture": "#0"}
			}
		},
		{
			"from": [4, 7, 4],
			"to": [13, 11, 4],
			"faces": {
				"north": {"uv": [6.75, 1, 9, 2], "texture": "#0"},
				"east": {"uv": [0, 0, 0, 1], "texture": "#0"},
				"south": {"uv": [6.75, 2, 9, 3], "texture": "#0"},
				"west": {"uv": [0, 0, 0, 1], "texture": "#0"},
				"up": {"uv": [2.25, 0, 0, 0], "texture": "#0"},
				"down": {"uv": [2.25, 0, 0, 0], "texture": "#0"}
			}
		},
		{
			"from": [3.75, 7.25, 3.75],
			"to": [13.25, 9, 3.75],
			"faces": {
				"north": {"uv": [13.5, 0, 16, 0.5], "texture": "#0"},
				"east": {"uv": [5.5, 8, 8, 8.5], "texture": "#0"},
				"south": {"uv": [0, 11.75, 2.5, 12.25], "texture": "#0"},
				"west": {"uv": [5.5, 8, 8, 8.5], "texture": "#0"},
				"up": {"uv": [5.5, 8, 8, 8.5], "texture": "#0"},
				"down": {"uv": [5.5, 8, 8, 8.5], "texture": "#0"}
			}
		},
		{
			"from": [3.75, 7.25, 3.5],
			"to": [13.25, 9, 3.5],
			"faces": {
				"north": {"uv": [5.5, 8, 8, 8.5], "texture": "#0"},
				"east": {"uv": [5.5, 8, 8, 8.5], "texture": "#0"},
				"south": {"uv": [0, 12.5, 2.5, 13], "texture": "#0"},
				"west": {"uv": [5.5, 8, 8, 8.5], "texture": "#0"},
				"up": {"uv": [5.5, 8, 8, 8.5], "texture": "#0"},
				"down": {"uv": [5.5, 8, 8, 8.5], "texture": "#0"}
			}
		},
		{
			"from": [3.75, 7.25, 13.25],
			"to": [13.25, 9, 13.25],
			"faces": {
				"north": {"uv": [5.5, 8.5, 8, 9], "texture": "#0"},
				"east": {"uv": [5.5, 8.5, 8, 9], "texture": "#0"},
				"south": {"uv": [5.5, 8.5, 8, 9], "texture": "#0"},
				"west": {"uv": [5.5, 8.5, 8, 9], "texture": "#0"},
				"up": {"uv": [5.5, 8.5, 8, 9], "texture": "#0"},
				"down": {"uv": [5.5, 8.5, 8, 9], "texture": "#0"}
			}
		},
		{
			"from": [4, 7, 13],
			"to": [13, 11, 13],
			"faces": {
				"north": {"uv": [6.75, 3, 9, 4], "texture": "#0"},
				"east": {"uv": [0, 0, 0, 1], "texture": "#0"},
				"south": {"uv": [6.75, 4, 9, 5], "texture": "#0"},
				"west": {"uv": [0, 0, 0, 1], "texture": "#0"},
				"up": {"uv": [2.25, 0, 0, 0], "texture": "#0"},
				"down": {"uv": [2.25, 0, 0, 0], "texture": "#0"}
			}
		},
		{
			"from": [4, 7, 4],
			"to": [4, 11, 13],
			"faces": {
				"north": {"uv": [0, 0, 0, 1], "texture": "#0"},
				"east": {"uv": [6.75, 5, 9, 6], "texture": "#0"},
				"south": {"uv": [0, 0, 0, 1], "texture": "#0"},
				"west": {"uv": [4.5, 7, 6.75, 8], "texture": "#0"},
				"up": {"uv": [0, 2.25, 0, 0], "texture": "#0"},
				"down": {"uv": [0, 0, 0, 2.25], "texture": "#0"}
			}
		},
		{
			"from": [13, 7, 4],
			"to": [13, 11, 13],
			"faces": {
				"north": {"uv": [0, 0, 0, 1], "texture": "#0"},
				"east": {"uv": [6.75, 7, 9, 8], "texture": "#0"},
				"south": {"uv": [0, 0, 0, 1], "texture": "#0"},
				"west": {"uv": [7.25, 6, 9.5, 7], "texture": "#0"},
				"up": {"uv": [0, 2.25, 0, 0], "texture": "#0"},
				"down": {"uv": [0, 0, 0, 2.25], "texture": "#0"}
			}
		},
		{
			"from": [3.75, 7.25, 3.75],
			"to": [3.75, 9, 13.25],
			"faces": {
				"north": {"uv": [0, 0, 0, 0.5], "texture": "#0"},
				"east": {"uv": [0, 8.75, 2.5, 9.25], "texture": "#0"},
				"south": {"uv": [0, 0, 0, 0.5], "texture": "#0"},
				"west": {"uv": [0, 13, 2.5, 13.5], "texture": "#0"},
				"up": {"uv": [0, 2.5, 0, 0], "texture": "#0"},
				"down": {"uv": [0, 0, 0, 2.5], "texture": "#0"}
			}
		},
		{
			"from": [13.25, 7.25, 3.75],
			"to": [13.25, 9, 13.25],
			"faces": {
				"north": {"uv": [9, 1.5, 11.5, 2], "texture": "#0"},
				"east": {"uv": [5.5, 8.5, 8, 9], "texture": "#0"},
				"south": {"uv": [9, 1.5, 11.5, 2], "texture": "#0"},
				"west": {"uv": [0, 8.75, 2.5, 9.25], "texture": "#0"},
				"up": {"uv": [9, 1.5, 11.5, 2], "texture": "#0"},
				"down": {"uv": [9, 1.5, 11.5, 2], "texture": "#0"}
			}
		},
		{
			"from": [1.22874, 5.14897, 3],
			"to": [1.22874, 8.14897, 14],
			"rotation": {"angle": 0, "axis": "y", "origin": [-0.02126, 0.14897, 0]},
			"faces": {
				"north": {"uv": [2.75, 8, 5.5, 8.75], "texture": "#0"},
				"east": {"uv": [2.75, 8, 5.5, 8.75], "texture": "#0"},
				"south": {"uv": [2.75, 8, 5.5, 8.75], "texture": "#0"},
				"west": {"uv": [2.75, 8, 5.5, 8.75], "texture": "#0"},
				"up": {"uv": [2.75, 8, 5.5, 8.75], "texture": "#0"},
				"down": {"uv": [2.75, 8, 5.5, 8.75], "texture": "#0"}
			}
		},
		{
			"from": [13.3, 8.94645, 9.45],
			"to": [13.3, 9.69645, 10.2],
			"rotation": {"angle": 0, "axis": "y", "origin": [13.25, 5.25, 9]},
			"faces": {
				"north": {"uv": [13.75, 15.75, 14, 16], "rotation": 90, "texture": "#0"},
				"east": {"uv": [13.75, 15.75, 14, 16], "rotation": 90, "texture": "#0"},
				"south": {"uv": [13.75, 15.75, 14, 16], "rotation": 90, "texture": "#0"},
				"west": {"uv": [13.75, 15.75, 14, 16], "rotation": 90, "texture": "#0"},
				"up": {"uv": [13.75, 15.75, 14, 16], "rotation": 90, "texture": "#0"},
				"down": {"uv": [13.75, 15.75, 14, 16], "rotation": 90, "texture": "#0"}
			}
		},
		{
			"from": [13.3, 8.94645, 8.7],
			"to": [13.3, 9.69645, 9.45],
			"rotation": {"angle": 0, "axis": "y", "origin": [13.25, 5.25, 9]},
			"faces": {
				"north": {"uv": [15.75, 13.5, 16, 13.75], "rotation": 90, "texture": "#0"},
				"east": {"uv": [15.75, 13.5, 16, 13.75], "rotation": 90, "texture": "#0"},
				"south": {"uv": [15.75, 13.5, 16, 13.75], "rotation": 90, "texture": "#0"},
				"west": {"uv": [15.75, 13.5, 16, 13.75], "rotation": 90, "texture": "#0"},
				"up": {"uv": [15.75, 13.5, 16, 13.75], "rotation": 90, "texture": "#0"},
				"down": {"uv": [15.75, 13.5, 16, 13.75], "rotation": 90, "texture": "#0"}
			}
		},
		{
			"from": [13.3, 8.19645, 8.7],
			"to": [13.3, 8.94645, 9.45],
			"rotation": {"angle": 0, "axis": "y", "origin": [13.25, 5.25, 9]},
			"faces": {
				"north": {"uv": [14.25, 15.75, 14.5, 16], "rotation": 90, "texture": "#0"},
				"east": {"uv": [14.25, 15.75, 14.5, 16], "rotation": 90, "texture": "#0"},
				"south": {"uv": [14.25, 15.75, 14.5, 16], "rotation": 90, "texture": "#0"},
				"west": {"uv": [14.25, 15.75, 14.5, 16], "rotation": 90, "texture": "#0"},
				"up": {"uv": [14.25, 15.75, 14.5, 16], "rotation": 90, "texture": "#0"},
				"down": {"uv": [14.25, 15.75, 14.5, 16], "rotation": 90, "texture": "#0"}
			}
		},
		{
			"from": [13.3, 9.69645, 8.7],
			"to": [13.3, 10.44645, 9.45],
			"rotation": {"angle": 0, "axis": "y", "origin": [13.25, 5.25, 9]},
			"faces": {
				"north": {"uv": [15.75, 13.25, 16, 13.5], "rotation": 90, "texture": "#0"},
				"east": {"uv": [15.75, 13.25, 16, 13.5], "rotation": 90, "texture": "#0"},
				"south": {"uv": [15.75, 13.25, 16, 13.5], "rotation": 90, "texture": "#0"},
				"west": {"uv": [15.75, 13.25, 16, 13.5], "rotation": 90, "texture": "#0"},
				"up": {"uv": [15.75, 13.25, 16, 13.5], "rotation": 90, "texture": "#0"},
				"down": {"uv": [15.75, 13.25, 16, 13.5], "rotation": 90, "texture": "#0"}
			}
		},
		{
			"from": [13.3, 10.44645, 8.7],
			"to": [13.3, 11.19645, 9.45],
			"rotation": {"angle": 0, "axis": "y", "origin": [13.25, 5.25, 9]},
			"faces": {
				"north": {"uv": [15.75, 12.25, 16, 12.5], "rotation": 90, "texture": "#0"},
				"east": {"uv": [15.75, 12.25, 16, 12.5], "rotation": 90, "texture": "#0"},
				"south": {"uv": [15.75, 12.25, 16, 12.5], "rotation": 90, "texture": "#0"},
				"west": {"uv": [15.75, 12.25, 16, 12.5], "rotation": 90, "texture": "#0"},
				"up": {"uv": [15.75, 12.25, 16, 12.5], "rotation": 90, "texture": "#0"},
				"down": {"uv": [15.75, 12.25, 16, 12.5], "rotation": 90, "texture": "#0"}
			}
		},
		{
			"from": [13.3, 10.44645, 7.95],
			"to": [13.3, 11.19645, 8.7],
			"rotation": {"angle": 0, "axis": "y", "origin": [13.25, 5.25, 9]},
			"faces": {
				"north": {"uv": [15.75, 11.25, 16, 11.5], "rotation": 90, "texture": "#0"},
				"east": {"uv": [15.75, 11.25, 16, 11.5], "rotation": 90, "texture": "#0"},
				"south": {"uv": [15.75, 11.25, 16, 11.5], "rotation": 90, "texture": "#0"},
				"west": {"uv": [15.75, 11.25, 16, 11.5], "rotation": 90, "texture": "#0"},
				"up": {"uv": [15.75, 11.25, 16, 11.5], "rotation": 90, "texture": "#0"},
				"down": {"uv": [15.75, 11.25, 16, 11.5], "rotation": 90, "texture": "#0"}
			}
		},
		{
			"from": [13.3, 10.44645, 7.2],
			"to": [13.3, 11.19645, 7.95],
			"rotation": {"angle": 0, "axis": "y", "origin": [13.25, 5.25, 9]},
			"faces": {
				"north": {"uv": [9, 15.75, 9.25, 16], "rotation": 90, "texture": "#0"},
				"east": {"uv": [9, 15.75, 9.25, 16], "rotation": 90, "texture": "#0"},
				"south": {"uv": [9, 15.75, 9.25, 16], "rotation": 90, "texture": "#0"},
				"west": {"uv": [9, 15.75, 9.25, 16], "rotation": 90, "texture": "#0"},
				"up": {"uv": [9, 15.75, 9.25, 16], "rotation": 90, "texture": "#0"},
				"down": {"uv": [9, 15.75, 9.25, 16], "rotation": 90, "texture": "#0"}
			}
		},
		{
			"from": [13.3, 9.69645, 7.2],
			"to": [13.3, 10.44645, 7.95],
			"rotation": {"angle": 0, "axis": "y", "origin": [13.25, 5.25, 9]},
			"faces": {
				"north": {"uv": [11.5, 15.75, 11.75, 16], "rotation": 90, "texture": "#0"},
				"east": {"uv": [11.5, 15.75, 11.75, 16], "rotation": 90, "texture": "#0"},
				"south": {"uv": [11.5, 15.75, 11.75, 16], "rotation": 90, "texture": "#0"},
				"west": {"uv": [11.5, 15.75, 11.75, 16], "rotation": 90, "texture": "#0"},
				"up": {"uv": [11.5, 15.75, 11.75, 16], "rotation": 90, "texture": "#0"},
				"down": {"uv": [11.5, 15.75, 11.75, 16], "rotation": 90, "texture": "#0"}
			}
		},
		{
			"from": [13.3, 8.94645, 7.2],
			"to": [13.3, 9.69645, 7.95],
			"rotation": {"angle": 0, "axis": "y", "origin": [13.25, 5.25, 9]},
			"faces": {
				"north": {"uv": [12.25, 13.75, 12.5, 14], "rotation": 90, "texture": "#0"},
				"east": {"uv": [12.25, 13.75, 12.5, 14], "rotation": 90, "texture": "#0"},
				"south": {"uv": [12.25, 13.75, 12.5, 14], "rotation": 90, "texture": "#0"},
				"west": {"uv": [12.25, 13.75, 12.5, 14], "rotation": 90, "texture": "#0"},
				"up": {"uv": [12.25, 13.75, 12.5, 14], "rotation": 90, "texture": "#0"},
				"down": {"uv": [12.25, 13.75, 12.5, 14], "rotation": 90, "texture": "#0"}
			}
		},
		{
			"from": [13.3, 9.69645, 7.95],
			"to": [13.3, 10.44645, 8.7],
			"rotation": {"angle": 0, "axis": "y", "origin": [13.25, 5.25, 9]},
			"faces": {
				"north": {"uv": [15.75, 9.25, 16, 9.5], "rotation": 90, "texture": "#0"},
				"east": {"uv": [15.75, 9.25, 16, 9.5], "rotation": 90, "texture": "#0"},
				"south": {"uv": [15.75, 9.25, 16, 9.5], "rotation": 90, "texture": "#0"},
				"west": {"uv": [15.75, 9.25, 16, 9.5], "rotation": 90, "texture": "#0"},
				"up": {"uv": [15.75, 9.25, 16, 9.5], "rotation": 90, "texture": "#0"},
				"down": {"uv": [15.75, 9.25, 16, 9.5], "rotation": 90, "texture": "#0"}
			}
		},
		{
			"from": [13.3, 8.94645, 7.95],
			"to": [13.3, 9.69645, 8.7],
			"rotation": {"angle": 0, "axis": "y", "origin": [13.25, 5.25, 9]},
			"faces": {
				"north": {"uv": [15.75, 15.75, 16, 16], "rotation": 90, "texture": "#0"},
				"east": {"uv": [15.75, 15.75, 16, 16], "rotation": 90, "texture": "#0"},
				"south": {"uv": [15.75, 15.75, 16, 16], "rotation": 90, "texture": "#0"},
				"west": {"uv": [15.75, 15.75, 16, 16], "rotation": 90, "texture": "#0"},
				"up": {"uv": [15.75, 15.75, 16, 16], "rotation": 90, "texture": "#0"},
				"down": {"uv": [15.75, 15.75, 16, 16], "rotation": 90, "texture": "#0"}
			}
		},
		{
			"from": [13.3, 8.19645, 7.95],
			"to": [13.3, 8.94645, 8.7],
			"rotation": {"angle": 0, "axis": "y", "origin": [13.25, 5.25, 9]},
			"faces": {
				"north": {"uv": [14.25, 15.75, 14.5, 16], "rotation": 90, "texture": "#0"},
				"east": {"uv": [14.25, 15.75, 14.5, 16], "rotation": 90, "texture": "#0"},
				"south": {"uv": [14.25, 15.75, 14.5, 16], "rotation": 90, "texture": "#0"},
				"west": {"uv": [14.25, 15.75, 14.5, 16], "rotation": 90, "texture": "#0"},
				"up": {"uv": [14.25, 15.75, 14.5, 16], "rotation": 90, "texture": "#0"},
				"down": {"uv": [14.25, 15.75, 14.5, 16], "rotation": 90, "texture": "#0"}
			}
		},
		{
			"from": [13.3, 9.69645, 9.45],
			"to": [13.3, 10.44645, 10.2],
			"rotation": {"angle": 0, "axis": "y", "origin": [13.25, 5.25, 9]},
			"faces": {
				"north": {"uv": [15.25, 15.75, 15.5, 16], "rotation": 90, "texture": "#0"},
				"east": {"uv": [15.25, 15.75, 15.5, 16], "rotation": 90, "texture": "#0"},
				"south": {"uv": [15.25, 15.75, 15.5, 16], "rotation": 90, "texture": "#0"},
				"west": {"uv": [15.25, 15.75, 15.5, 16], "rotation": 90, "texture": "#0"},
				"up": {"uv": [15.25, 15.75, 15.5, 16], "rotation": 90, "texture": "#0"},
				"down": {"uv": [15.25, 15.75, 15.5, 16], "rotation": 90, "texture": "#0"}
			}
		},
		{
			"from": [13.2, 9.3, 8.3],
			"to": [13.2, 10.3, 9.3],
			"rotation": {"angle": 45, "axis": "x", "origin": [14, 7, 8]},
			"color": 7,
			"faces": {
				"north": {"uv": [0, 0, 0, 0.25], "texture": "#missing"},
				"east": {"uv": [1.75, 7.5, 2, 7.75], "texture": "#missing"},
				"south": {"uv": [0, 0, 0, 0.25], "texture": "#missing"},
				"west": {"uv": [2, 7.5, 2.25, 7.75], "texture": "#missing"},
				"up": {"uv": [0, 0.25, 0, 0], "texture": "#missing"},
				"down": {"uv": [0, 0, 0, 0.25], "texture": "#missing"}
			}
		},
		{
			"from": [13.3, 11.19645, 8.7],
			"to": [13.3, 11.94645, 9.45],
			"rotation": {"angle": 0, "axis": "y", "origin": [13.25, 5.25, 9]},
			"faces": {
				"north": {"uv": [15.75, 12.5, 16, 12.75], "rotation": 90, "texture": "#0"},
				"east": {"uv": [15.75, 12.5, 16, 12.75], "rotation": 90, "texture": "#0"},
				"south": {"uv": [15.75, 12.5, 16, 12.75], "rotation": 90, "texture": "#0"},
				"west": {"uv": [15.75, 12.5, 16, 12.75], "rotation": 90, "texture": "#0"},
				"up": {"uv": [15.75, 12.5, 16, 12.75], "rotation": 90, "texture": "#0"},
				"down": {"uv": [15.75, 12.5, 16, 12.75], "rotation": 90, "texture": "#0"}
			}
		},
		{
			"from": [13.3, 11.19645, 7.95],
			"to": [13.3, 11.94645, 8.7],
			"rotation": {"angle": 0, "axis": "y", "origin": [13.25, 5.25, 9]},
			"faces": {
				"north": {"uv": [15.25, 13, 15.5, 13.25], "rotation": 90, "texture": "#0"},
				"east": {"uv": [15.25, 13, 15.5, 13.25], "rotation": 90, "texture": "#0"},
				"south": {"uv": [15.25, 13, 15.5, 13.25], "rotation": 90, "texture": "#0"},
				"west": {"uv": [15.25, 13, 15.5, 13.25], "rotation": 90, "texture": "#0"},
				"up": {"uv": [15.25, 13, 15.5, 13.25], "rotation": 90, "texture": "#0"},
				"down": {"uv": [15.25, 13, 15.5, 13.25], "rotation": 90, "texture": "#0"}
			}
		},
		{
			"from": [13.3, 11.94645, 8.7],
			"to": [13.3, 12.69645, 9.45],
			"rotation": {"angle": 0, "axis": "y", "origin": [13.25, 5.25, 9]},
			"faces": {
				"north": {"uv": [15.25, 13, 15.5, 13.25], "rotation": 90, "texture": "#0"},
				"east": {"uv": [15.25, 13, 15.5, 13.25], "rotation": 90, "texture": "#0"},
				"south": {"uv": [15.25, 13, 15.5, 13.25], "rotation": 90, "texture": "#0"},
				"west": {"uv": [15.25, 13, 15.5, 13.25], "rotation": 90, "texture": "#0"},
				"up": {"uv": [15.25, 13, 15.5, 13.25], "rotation": 90, "texture": "#0"},
				"down": {"uv": [15.25, 13, 15.5, 13.25], "rotation": 90, "texture": "#0"}
			}
		},
		{
			"from": [13.3, 11.19645, 9.45],
			"to": [13.3, 11.94645, 10.2],
			"rotation": {"angle": 0, "axis": "y", "origin": [13.25, 5.25, 9]},
			"faces": {
				"north": {"uv": [15.75, 13, 16, 13.25], "rotation": 90, "texture": "#0"},
				"east": {"uv": [15.75, 13, 16, 13.25], "rotation": 90, "texture": "#0"},
				"south": {"uv": [15.75, 13, 16, 13.25], "rotation": 90, "texture": "#0"},
				"west": {"uv": [15.75, 13, 16, 13.25], "rotation": 90, "texture": "#0"},
				"up": {"uv": [15.75, 13, 16, 13.25], "rotation": 90, "texture": "#0"},
				"down": {"uv": [15.75, 13, 16, 13.25], "rotation": 90, "texture": "#0"}
			}
		},
		{
			"from": [13.3, 10.44645, 10.2],
			"to": [13.3, 11.19645, 10.95],
			"rotation": {"angle": 0, "axis": "y", "origin": [13.25, 5.25, 9]},
			"faces": {
				"north": {"uv": [15.25, 13, 15.5, 13.25], "rotation": 90, "texture": "#0"},
				"east": {"uv": [15.25, 13, 15.5, 13.25], "rotation": 90, "texture": "#0"},
				"south": {"uv": [15.25, 13, 15.5, 13.25], "rotation": 90, "texture": "#0"},
				"west": {"uv": [15.25, 13, 15.5, 13.25], "rotation": 90, "texture": "#0"},
				"up": {"uv": [15.25, 13, 15.5, 13.25], "rotation": 90, "texture": "#0"},
				"down": {"uv": [15.25, 13, 15.5, 13.25], "rotation": 90, "texture": "#0"}
			}
		},
		{
			"from": [13.3, 9.69645, 10.2],
			"to": [13.3, 10.44645, 10.95],
			"rotation": {"angle": 0, "axis": "y", "origin": [13.25, 5.25, 9]},
			"faces": {
				"north": {"uv": [15.25, 13, 15.5, 13.25], "rotation": 90, "texture": "#0"},
				"east": {"uv": [15.25, 13, 15.5, 13.25], "rotation": 90, "texture": "#0"},
				"south": {"uv": [15.25, 13, 15.5, 13.25], "rotation": 90, "texture": "#0"},
				"west": {"uv": [15.25, 13, 15.5, 13.25], "rotation": 90, "texture": "#0"},
				"up": {"uv": [15.25, 13, 15.5, 13.25], "rotation": 90, "texture": "#0"},
				"down": {"uv": [15.25, 13, 15.5, 13.25], "rotation": 90, "texture": "#0"}
			}
		},
		{
			"from": [13.3, 10.44645, 10.95],
			"to": [13.3, 11.19645, 11.7],
			"rotation": {"angle": 0, "axis": "y", "origin": [13.25, 5.25, 9]},
			"faces": {
				"north": {"uv": [15.25, 13, 15.5, 13.25], "rotation": 90, "texture": "#0"},
				"east": {"uv": [15.25, 13, 15.5, 13.25], "rotation": 90, "texture": "#0"},
				"south": {"uv": [15.25, 13, 15.5, 13.25], "rotation": 90, "texture": "#0"},
				"west": {"uv": [15.25, 13, 15.5, 13.25], "rotation": 90, "texture": "#0"},
				"up": {"uv": [15.25, 13, 15.5, 13.25], "rotation": 90, "texture": "#0"},
				"down": {"uv": [15.25, 13, 15.5, 13.25], "rotation": 90, "texture": "#0"}
			}
		},
		{
			"from": [13.3, 11.19645, 10.95],
			"to": [13.3, 11.94645, 11.7],
			"rotation": {"angle": 0, "axis": "y", "origin": [13.25, 5.25, 9]},
			"faces": {
				"north": {"uv": [15.25, 13, 15.5, 13.25], "rotation": 90, "texture": "#0"},
				"east": {"uv": [15.25, 13, 15.5, 13.25], "rotation": 90, "texture": "#0"},
				"south": {"uv": [15.25, 13, 15.5, 13.25], "rotation": 90, "texture": "#0"},
				"west": {"uv": [15.25, 13, 15.5, 13.25], "rotation": 90, "texture": "#0"},
				"up": {"uv": [15.25, 13, 15.5, 13.25], "rotation": 90, "texture": "#0"},
				"down": {"uv": [15.25, 13, 15.5, 13.25], "rotation": 90, "texture": "#0"}
			}
		},
		{
			"from": [13.3, 9.69645, 10.95],
			"to": [13.3, 10.44645, 11.7],
			"rotation": {"angle": 0, "axis": "y", "origin": [13.25, 5.25, 9]},
			"faces": {
				"north": {"uv": [15.75, 8.5, 16, 8.75], "rotation": 90, "texture": "#0"},
				"east": {"uv": [15.75, 8.5, 16, 8.75], "rotation": 90, "texture": "#0"},
				"south": {"uv": [15.75, 8.5, 16, 8.75], "rotation": 90, "texture": "#0"},
				"west": {"uv": [15.75, 8.5, 16, 8.75], "rotation": 90, "texture": "#0"},
				"up": {"uv": [15.75, 8.5, 16, 8.75], "rotation": 90, "texture": "#0"},
				"down": {"uv": [15.75, 8.5, 16, 8.75], "rotation": 90, "texture": "#0"}
			}
		},
		{
			"from": [13.3, 8.19645, 9.45],
			"to": [13.3, 8.94645, 10.2],
			"rotation": {"angle": 0, "axis": "y", "origin": [13.25, 5.25, 9]},
			"faces": {
				"north": {"uv": [15.75, 8.5, 16, 8.75], "rotation": 90, "texture": "#0"},
				"east": {"uv": [15.75, 8.5, 16, 8.75], "rotation": 90, "texture": "#0"},
				"south": {"uv": [15.75, 8.5, 16, 8.75], "rotation": 90, "texture": "#0"},
				"west": {"uv": [15.75, 8.5, 16, 8.75], "rotation": 90, "texture": "#0"},
				"up": {"uv": [15.75, 8.5, 16, 8.75], "rotation": 90, "texture": "#0"},
				"down": {"uv": [15.75, 8.5, 16, 8.75], "rotation": 90, "texture": "#0"}
			}
		},
		{
			"from": [13.3, 9.69645, 11.7],
			"to": [13.3, 10.44645, 12.45],
			"rotation": {"angle": 0, "axis": "y", "origin": [13.25, 5.25, 9]},
			"faces": {
				"north": {"uv": [7.75, 15.75, 8, 16], "rotation": 90, "texture": "#0"},
				"east": {"uv": [7.75, 15.75, 8, 16], "rotation": 90, "texture": "#0"},
				"south": {"uv": [7.75, 15.75, 8, 16], "rotation": 90, "texture": "#0"},
				"west": {"uv": [7.75, 15.75, 8, 16], "rotation": 90, "texture": "#0"},
				"up": {"uv": [7.75, 15.75, 8, 16], "rotation": 90, "texture": "#0"},
				"down": {"uv": [7.75, 15.75, 8, 16], "rotation": 90, "texture": "#0"}
			}
		},
		{
			"from": [13.3, 9.69645, 12.45],
			"to": [13.3, 10.44645, 13.2],
			"rotation": {"angle": 0, "axis": "y", "origin": [13.25, 5.25, 9]},
			"faces": {
				"north": {"uv": [7.75, 15.75, 8, 16], "rotation": 90, "texture": "#0"},
				"east": {"uv": [7.75, 15.75, 8, 16], "rotation": 90, "texture": "#0"},
				"south": {"uv": [7.75, 15.75, 8, 16], "rotation": 90, "texture": "#0"},
				"west": {"uv": [7.75, 15.75, 8, 16], "rotation": 90, "texture": "#0"},
				"up": {"uv": [7.75, 15.75, 8, 16], "rotation": 90, "texture": "#0"},
				"down": {"uv": [7.75, 15.75, 8, 16], "rotation": 90, "texture": "#0"}
			}
		},
		{
			"from": [13.3, 8.94645, 10.95],
			"to": [13.3, 9.69645, 11.7],
			"rotation": {"angle": 0, "axis": "y", "origin": [13.25, 5.25, 9]},
			"faces": {
				"north": {"uv": [7.75, 15.75, 8, 16], "rotation": 90, "texture": "#0"},
				"east": {"uv": [7.75, 15.75, 8, 16], "rotation": 90, "texture": "#0"},
				"south": {"uv": [7.75, 15.75, 8, 16], "rotation": 90, "texture": "#0"},
				"west": {"uv": [7.75, 15.75, 8, 16], "rotation": 90, "texture": "#0"},
				"up": {"uv": [7.75, 15.75, 8, 16], "rotation": 90, "texture": "#0"},
				"down": {"uv": [7.75, 15.75, 8, 16], "rotation": 90, "texture": "#0"}
			}
		},
		{
			"from": [13.3, 8.94645, 11.7],
			"to": [13.3, 9.69645, 12.45],
			"rotation": {"angle": 0, "axis": "y", "origin": [13.25, 5.25, 9]},
			"faces": {
				"north": {"uv": [7.75, 15.75, 8, 16], "rotation": 90, "texture": "#0"},
				"east": {"uv": [7.75, 15.75, 8, 16], "rotation": 90, "texture": "#0"},
				"south": {"uv": [7.75, 15.75, 8, 16], "rotation": 90, "texture": "#0"},
				"west": {"uv": [7.75, 15.75, 8, 16], "rotation": 90, "texture": "#0"},
				"up": {"uv": [7.75, 15.75, 8, 16], "rotation": 90, "texture": "#0"},
				"down": {"uv": [7.75, 15.75, 8, 16], "rotation": 90, "texture": "#0"}
			}
		},
		{
			"from": [13.3, 10.44645, 11.7],
			"to": [13.3, 11.19645, 12.45],
			"rotation": {"angle": 0, "axis": "y", "origin": [13.25, 5.25, 9]},
			"faces": {
				"north": {"uv": [15.75, 8.5, 16, 8.75], "rotation": 90, "texture": "#0"},
				"east": {"uv": [15.75, 8.5, 16, 8.75], "rotation": 90, "texture": "#0"},
				"south": {"uv": [15.75, 8.5, 16, 8.75], "rotation": 90, "texture": "#0"},
				"west": {"uv": [15.75, 8.5, 16, 8.75], "rotation": 90, "texture": "#0"},
				"up": {"uv": [15.75, 8.5, 16, 8.75], "rotation": 90, "texture": "#0"},
				"down": {"uv": [15.75, 8.5, 16, 8.75], "rotation": 90, "texture": "#0"}
			}
		},
		{
			"from": [13.3, 11.94645, 11.7],
			"to": [13.3, 12.69645, 12.45],
			"rotation": {"angle": 0, "axis": "y", "origin": [13.25, 5.25, 9]},
			"faces": {
				"north": {"uv": [15.25, 13, 15.5, 13.25], "rotation": 90, "texture": "#0"},
				"east": {"uv": [15.25, 13, 15.5, 13.25], "rotation": 90, "texture": "#0"},
				"south": {"uv": [15.25, 13, 15.5, 13.25], "rotation": 90, "texture": "#0"},
				"west": {"uv": [15.25, 13, 15.5, 13.25], "rotation": 90, "texture": "#0"},
				"up": {"uv": [15.25, 13, 15.5, 13.25], "rotation": 90, "texture": "#0"},
				"down": {"uv": [15.25, 13, 15.5, 13.25], "rotation": 90, "texture": "#0"}
			}
		},
		{
			"from": [13.3, 11.19645, 11.7],
			"to": [13.3, 11.94645, 12.45],
			"rotation": {"angle": 0, "axis": "y", "origin": [13.25, 5.25, 9]},
			"faces": {
				"north": {"uv": [15.25, 13, 15.5, 13.25], "rotation": 90, "texture": "#0"},
				"east": {"uv": [15.25, 13, 15.5, 13.25], "rotation": 90, "texture": "#0"},
				"south": {"uv": [15.25, 13, 15.5, 13.25], "rotation": 90, "texture": "#0"},
				"west": {"uv": [15.25, 13, 15.5, 13.25], "rotation": 90, "texture": "#0"},
				"up": {"uv": [15.25, 13, 15.5, 13.25], "rotation": 90, "texture": "#0"},
				"down": {"uv": [15.25, 13, 15.5, 13.25], "rotation": 90, "texture": "#0"}
			}
		},
		{
			"from": [13.3, 10.44645, 12.45],
			"to": [13.3, 11.19645, 13.2],
			"rotation": {"angle": 0, "axis": "y", "origin": [13.25, 5.25, 9]},
			"faces": {
				"north": {"uv": [15.25, 13, 15.5, 13.25], "rotation": 90, "texture": "#0"},
				"east": {"uv": [15.25, 13, 15.5, 13.25], "rotation": 90, "texture": "#0"},
				"south": {"uv": [15.25, 13, 15.5, 13.25], "rotation": 90, "texture": "#0"},
				"west": {"uv": [15.25, 13, 15.5, 13.25], "rotation": 90, "texture": "#0"},
				"up": {"uv": [15.25, 13, 15.5, 13.25], "rotation": 90, "texture": "#0"},
				"down": {"uv": [15.25, 13, 15.5, 13.25], "rotation": 90, "texture": "#0"}
			}
		},
		{
			"from": [13.3, 11.94645, 12.45],
			"to": [13.3, 12.69645, 13.2],
			"rotation": {"angle": 0, "axis": "y", "origin": [13.25, 5.25, 9]},
			"faces": {
				"north": {"uv": [15.25, 13, 15.5, 13.25], "rotation": 90, "texture": "#0"},
				"east": {"uv": [15.25, 13, 15.5, 13.25], "rotation": 90, "texture": "#0"},
				"south": {"uv": [15.25, 13, 15.5, 13.25], "rotation": 90, "texture": "#0"},
				"west": {"uv": [15.25, 13, 15.5, 13.25], "rotation": 90, "texture": "#0"},
				"up": {"uv": [15.25, 13, 15.5, 13.25], "rotation": 90, "texture": "#0"},
				"down": {"uv": [15.25, 13, 15.5, 13.25], "rotation": 90, "texture": "#0"}
			}
		},
		{
			"from": [13.3, 11.19645, 12.45],
			"to": [13.3, 11.94645, 13.2],
			"rotation": {"angle": 0, "axis": "y", "origin": [13.25, 5.25, 9]},
			"faces": {
				"north": {"uv": [15.75, 15.25, 16, 15.5], "rotation": 90, "texture": "#0"},
				"east": {"uv": [15.75, 15.25, 16, 15.5], "rotation": 90, "texture": "#0"},
				"south": {"uv": [15.75, 15.25, 16, 15.5], "rotation": 90, "texture": "#0"},
				"west": {"uv": [15.75, 15.25, 16, 15.5], "rotation": 90, "texture": "#0"},
				"up": {"uv": [15.75, 15.25, 16, 15.5], "rotation": 90, "texture": "#0"},
				"down": {"uv": [15.75, 15.25, 16, 15.5], "rotation": 90, "texture": "#0"}
			}
		},
		{
			"from": [13.3, 11.94645, 13.2],
			"to": [13.3, 12.69645, 13.95],
			"rotation": {"angle": 0, "axis": "y", "origin": [13.25, 5.25, 9]},
			"faces": {
				"north": {"uv": [15.25, 13, 15.5, 13.25], "rotation": 90, "texture": "#0"},
				"east": {"uv": [15.25, 13, 15.5, 13.25], "rotation": 90, "texture": "#0"},
				"south": {"uv": [15.25, 13, 15.5, 13.25], "rotation": 90, "texture": "#0"},
				"west": {"uv": [15.25, 13, 15.5, 13.25], "rotation": 90, "texture": "#0"},
				"up": {"uv": [15.25, 13, 15.5, 13.25], "rotation": 90, "texture": "#0"},
				"down": {"uv": [15.25, 13, 15.5, 13.25], "rotation": 90, "texture": "#0"}
			}
		},
		{
			"from": [13.3, 11.19645, 13.2],
			"to": [13.3, 11.94645, 13.95],
			"rotation": {"angle": 0, "axis": "y", "origin": [13.25, 5.25, 9]},
			"faces": {
				"north": {"uv": [15.25, 13, 15.5, 13.25], "rotation": 90, "texture": "#0"},
				"east": {"uv": [15.25, 13, 15.5, 13.25], "rotation": 90, "texture": "#0"},
				"south": {"uv": [15.25, 13, 15.5, 13.25], "rotation": 90, "texture": "#0"},
				"west": {"uv": [15.25, 13, 15.5, 13.25], "rotation": 90, "texture": "#0"},
				"up": {"uv": [15.25, 13, 15.5, 13.25], "rotation": 90, "texture": "#0"},
				"down": {"uv": [15.25, 13, 15.5, 13.25], "rotation": 90, "texture": "#0"}
			}
		},
		{
			"from": [13.3, 10.44645, 13.2],
			"to": [13.3, 11.19645, 13.95],
			"rotation": {"angle": 0, "axis": "y", "origin": [13.25, 5.25, 9]},
			"faces": {
				"north": {"uv": [7.75, 15.75, 8, 16], "rotation": 90, "texture": "#0"},
				"east": {"uv": [7.75, 15.75, 8, 16], "rotation": 90, "texture": "#0"},
				"south": {"uv": [7.75, 15.75, 8, 16], "rotation": 90, "texture": "#0"},
				"west": {"uv": [7.75, 15.75, 8, 16], "rotation": 90, "texture": "#0"},
				"up": {"uv": [7.75, 15.75, 8, 16], "rotation": 90, "texture": "#0"},
				"down": {"uv": [7.75, 15.75, 8, 16], "rotation": 90, "texture": "#0"}
			}
		},
		{
			"from": [13.3, 8.94645, 10.2],
			"to": [13.3, 9.69645, 10.95],
			"rotation": {"angle": 0, "axis": "y", "origin": [13.25, 5.25, 9]},
			"faces": {
				"north": {"uv": [15.75, 10, 16, 10.25], "rotation": 90, "texture": "#0"},
				"east": {"uv": [15.75, 10, 16, 10.25], "rotation": 90, "texture": "#0"},
				"south": {"uv": [15.75, 10, 16, 10.25], "rotation": 90, "texture": "#0"},
				"west": {"uv": [15.75, 10, 16, 10.25], "rotation": 90, "texture": "#0"},
				"up": {"uv": [15.75, 10, 16, 10.25], "rotation": 90, "texture": "#0"},
				"down": {"uv": [15.75, 10, 16, 10.25], "rotation": 90, "texture": "#0"}
			}
		},
		{
			"from": [13.3, 11.94645, 9.45],
			"to": [13.3, 12.69645, 10.2],
			"rotation": {"angle": 0, "axis": "y", "origin": [13.25, 5.25, 9]},
			"faces": {
				"north": {"uv": [15.25, 13, 15.5, 13.25], "rotation": 90, "texture": "#0"},
				"east": {"uv": [15.25, 13, 15.5, 13.25], "rotation": 90, "texture": "#0"},
				"south": {"uv": [15.25, 13, 15.5, 13.25], "rotation": 90, "texture": "#0"},
				"west": {"uv": [15.25, 13, 15.5, 13.25], "rotation": 90, "texture": "#0"},
				"up": {"uv": [15.25, 13, 15.5, 13.25], "rotation": 90, "texture": "#0"},
				"down": {"uv": [15.25, 13, 15.5, 13.25], "rotation": 90, "texture": "#0"}
			}
		}
	],
	"display": {
		"thirdperson_righthand": {
			"translation": [-0.25, 0, -1],
			"scale": [0.57, 0.57, 0.57]
		},
		"thirdperson_lefthand": {
			"translation": [-0.25, 0, -1],
			"scale": [0.57, 0.57, 0.57]
		},
		"firstperson_righthand": {
			"translation": [1.5, 0, 0]
		},
		"firstperson_lefthand": {
			"translation": [1.5, 0, 0]
		},
		"ground": {
			"scale": [0.72, 0.72, 0.72]
		},
		"gui": {
			"rotation": [23, -164, 3],
			"translation": [0, -0.75, 0],
			"scale": [0.83, 0.87, 0.8]
		},
		"head": {
			"rotation": [-4.5, -4, 1.5],
			"translation": [-1, 3.5, -0.75],
			"scale": [1.72, 1.78, 1.79]
		},
		"fixed": {
			"rotation": [-89, 0, 0],
			"translation": [0, 0, -2]
		}
	},
	"groups": [
		{
			"name": "top",
			"origin": [0, 0, 0],
			"color": 0,
			"children": [0, 1, 2, 3, 4, 5, 6, 7]
		},
		{
			"name": "group",
			"origin": [0, 0, 0],
			"color": 0,
			"children": [8, 9, 10, 11, 12, 13, 14, 15, 16, 17, 18]
		},
		{
			"name": "hat",
			"origin": [0, 0, 0],
			"color": 0,
			"children": [19, 20, 21, 22, 23, 24, 25, 26, 27, 28, 29, 30, 31, 32, 33, 34, 35, 36, 37, 38, 39, 40, 41, 42, 43, 44, 45, 46, 47, 48, 49, 50, 51, 52, 53, 54, 55, 56, 57]
		}
	]
}