{
	"credit": "Made with Blockbench",
	"texture_size": [32, 32],
	"textures": {
		"0": "blockbench/sunny_hat",
		"particle": "blockbench/sunny_hat"
	},
	"elements": [
		{
			"from": [11, 8.25, 2.5],
			"to": [12.25, 9.5, 3.5],
			"faces": {
				"north": {"uv": [4.5, 11, 5, 11.5], "texture": "#0"},
				"east": {"uv": [1, 12, 1.5, 12.5], "texture": "#0"},
				"south": {"uv": [1.5, 12, 2, 12.5], "texture": "#0"},
				"west": {"uv": [2, 12, 2.5, 12.5], "texture": "#0"},
				"up": {"uv": [3, 12.5, 2.5, 12], "texture": "#0"},
				"down": {"uv": [3.5, 12, 3, 12.5], "texture": "#0"}
			}
		},
		{
			"from": [9.75, 8.25, 2.5],
			"to": [11, 9.5, 3.5],
			"faces": {
				"north": {"uv": [3.5, 12, 4, 12.5], "texture": "#0"},
				"east": {"uv": [4, 12, 4.5, 12.5], "texture": "#0"},
				"south": {"uv": [9, 12, 9.5, 12.5], "texture": "#0"},
				"west": {"uv": [9.5, 12, 10, 12.5], "texture": "#0"},
				"up": {"uv": [10.5, 12.5, 10, 12], "texture": "#0"},
				"down": {"uv": [11, 12, 10.5, 12.5], "texture": "#0"}
			}
		},
		{
			"from": [5.25, 8.25, 2.5],
			"to": [6.5, 9.5, 3.5],
			"faces": {
				"north": {"uv": [11, 12, 11.5, 12.5], "texture": "#0"},
				"east": {"uv": [11.5, 12, 12, 12.5], "texture": "#0"},
				"south": {"uv": [12, 11.5, 12.5, 12], "texture": "#0"},
				"west": {"uv": [12, 12, 12.5, 12.5], "texture": "#0"},
				"up": {"uv": [0.5, 13, 0, 12.5], "texture": "#0"},
				"down": {"uv": [1, 12.5, 0.5, 13], "texture": "#0"}
			}
		},
		{
			"from": [6.5, 8.25, 2.5],
			"to": [7.75, 9.5, 3.5],
			"rotation": {"angle": 0, "axis": "y", "origin": [-0.75, 0, 0]},
			"faces": {
				"north": {"uv": [1, 12.5, 1.5, 13], "texture": "#0"},
				"east": {"uv": [1.5, 12.5, 2, 13], "texture": "#0"},
				"south": {"uv": [2, 12.5, 2.5, 13], "texture": "#0"},
				"west": {"uv": [2.5, 12.5, 3, 13], "texture": "#0"},
				"up": {"uv": [3.5, 13, 3, 12.5], "texture": "#0"},
				"down": {"uv": [4, 12.5, 3.5, 13], "texture": "#0"}
			}
		},
		{
			"from": [6.5, 7, 2.5],
			"to": [7.75, 8.25, 3.5],
			"rotation": {"angle": 0, "axis": "y", "origin": [-0.75, 0.75, 0]},
			"faces": {
				"north": {"uv": [4, 12.5, 4.5, 13], "texture": "#0"},
				"east": {"uv": [4.5, 12.5, 5, 13], "texture": "#0"},
				"south": {"uv": [5, 12.5, 5.5, 13], "texture": "#0"},
				"west": {"uv": [5.5, 12.5, 6, 13], "texture": "#0"},
				"up": {"uv": [6.5, 13, 6, 12.5], "texture": "#0"},
				"down": {"uv": [7, 12.5, 6.5, 13], "texture": "#0"}
			}
		},
		{
			"from": [5.25, 7, 2.5],
			"to": [6.5, 8.25, 3.5],
			"rotation": {"angle": 0, "axis": "y", "origin": [0, 0.75, 0]},
			"faces": {
				"north": {"uv": [7, 12.5, 7.5, 13], "texture": "#0"},
				"east": {"uv": [7.5, 12.5, 8, 13], "texture": "#0"},
				"south": {"uv": [8, 12.5, 8.5, 13], "texture": "#0"},
				"west": {"uv": [8.5, 12.5, 9, 13], "texture": "#0"},
				"up": {"uv": [9.5, 13, 9, 12.5], "texture": "#0"},
				"down": {"uv": [10, 12.5, 9.5, 13], "texture": "#0"}
			}
		},
		{
			"from": [9.75, 7, 2.5],
			"to": [11, 8.25, 3.5],
			"faces": {
				"north": {"uv": [10, 12.5, 10.5, 13], "texture": "#0"},
				"east": {"uv": [10.5, 12.5, 11, 13], "texture": "#0"},
				"south": {"uv": [11, 12.5, 11.5, 13], "texture": "#0"},
				"west": {"uv": [11.5, 12.5, 12, 13], "texture": "#0"},
				"up": {"uv": [13, 12, 12.5, 11.5], "texture": "#0"},
				"down": {"uv": [12.5, 12.5, 12, 13], "texture": "#0"}
			}
		},
		{
			"from": [11, 7, 2.5],
			"to": [12.25, 8.25, 3.5],
			"faces": {
				"north": {"uv": [12.5, 12, 13, 12.5], "texture": "#0"},
				"east": {"uv": [12.5, 12.5, 13, 13], "texture": "#0"},
				"south": {"uv": [0, 13, 0.5, 13.5], "texture": "#0"},
				"west": {"uv": [0.5, 13, 1, 13.5], "texture": "#0"},
				"up": {"uv": [1.5, 13.5, 1, 13], "texture": "#0"},
				"down": {"uv": [2, 13, 1.5, 13.5], "texture": "#0"}
			}
		},
		{
			"from": [13, 6, 4],
			"to": [13, 9, 13],
			"faces": {
				"north": {"uv": [0, 0, 0, 1.5], "texture": "#0"},
				"east": {"uv": [5, 9, 9.5, 10.5], "texture": "#0"},
				"south": {"uv": [0, 0, 0, 1.5], "texture": "#0"},
				"west": {"uv": [9.5, 0, 14, 1.5], "texture": "#0"},
				"up": {"uv": [0, 4.5, 0, 0], "texture": "#0"},
				"down": {"uv": [0, 0, 0, 4.5], "texture": "#0"}
			}
		},
		{
			"from": [4, 6, 4],
			"to": [4, 9, 13],
			"faces": {
				"north": {"uv": [0, 0, 0, 1.5], "texture": "#0"},
				"east": {"uv": [9.5, 1.5, 14, 3], "texture": "#0"},
				"south": {"uv": [0, 0, 0, 1.5], "texture": "#0"},
				"west": {"uv": [9.5, 3, 14, 4.5], "texture": "#0"},
				"up": {"uv": [0, 4.5, 0, 0], "texture": "#0"},
				"down": {"uv": [0, 0, 0, 4.5], "texture": "#0"}
			}
		},
		{
			"from": [4, 6, 13],
			"to": [13, 9, 13],
			"faces": {
				"north": {"uv": [9.5, 4.5, 14, 6], "texture": "#0"},
				"east": {"uv": [0, 0, 0, 1.5], "texture": "#0"},
				"south": {"uv": [9.5, 6, 14, 7.5], "texture": "#0"},
				"west": {"uv": [0, 0, 0, 1.5], "texture": "#0"},
				"up": {"uv": [4.5, 0, 0, 0], "texture": "#0"},
				"down": {"uv": [4.5, 0, 0, 0], "texture": "#0"}
			}
		},
		{
			"from": [4, 7, 4],
			"to": [13, 9, 4],
			"faces": {
				"north": {"uv": [5, 10.5, 9.5, 11.5], "texture": "#0"},
				"east": {"uv": [0, 0, 0, 1], "texture": "#0"},
				"south": {"uv": [9.5, 10.5, 14, 11.5], "texture": "#0"},
				"west": {"uv": [0, 0, 0, 1], "texture": "#0"},
				"up": {"uv": [4.5, 0, 0, 0], "texture": "#0"},
				"down": {"uv": [4.5, 0, 0, 0], "texture": "#0"}
			}
		},
		{
			"from": [3.5, 9, 3.5],
			"to": [13.5, 11, 13.5],
			"rotation": {"angle": 0, "axis": "y", "origin": [8.5, 8, 8.5]},
			"faces": {
				"north": {"uv": [9.5, 7.5, 14.5, 8.5], "texture": "#0"},
				"east": {"uv": [9.5, 8.5, 14.5, 9.5], "texture": "#0"},
				"south": {"uv": [9.5, 9.5, 14.5, 10.5], "texture": "#0"},
				"west": {"uv": [0, 10, 5, 11], "texture": "#0"},
				"up": {"uv": [5, 5, 0, 0], "texture": "#0"},
				"down": {"uv": [5, 5, 0, 10], "texture": "#0"}
			}
		},
		{
			"from": [4, 7, 2],
			"to": [13, 7, 4],
			"rotation": {"angle": 0, "axis": "y", "origin": [8, 0, 4]},
			"faces": {
				"north": {"uv": [0, 0, 4.5, 0], "texture": "#0"},
				"east": {"uv": [0, 0, 1, 0], "texture": "#0"},
				"south": {"uv": [0, 0, 4.5, 0], "texture": "#0"},
				"west": {"uv": [0, 0, 1, 0], "texture": "#0"},
				"up": {"uv": [4.5, 12, 0, 11], "texture": "#0"},
				"down": {"uv": [9, 11.5, 4.5, 12.5], "texture": "#0"}
			}
		},
		{
			"from": [13, 6, 2],
			"to": [13, 7, 4],
			"rotation": {"angle": 0, "axis": "y", "origin": [8, 0, 4]},
			"faces": {
				"north": {"uv": [0, 0, 0, 0.5], "texture": "#0"},
				"east": {"uv": [9, 11.5, 10, 12], "texture": "#0"},
				"south": {"uv": [0, 0, 0, 0.5], "texture": "#0"},
				"west": {"uv": [10, 11.5, 11, 12], "texture": "#0"},
				"up": {"uv": [0, 1, 0, 0], "texture": "#0"},
				"down": {"uv": [0, 0, 0, 1], "texture": "#0"}
			}
		},
		{
			"from": [4, 6, 2],
			"to": [4, 7, 4],
			"rotation": {"angle": 0, "axis": "y", "origin": [8, 0, 4]},
			"faces": {
				"north": {"uv": [0, 0, 0, 0.5], "texture": "#0"},
				"east": {"uv": [11, 11.5, 12, 12], "texture": "#0"},
				"south": {"uv": [0, 0, 0, 0.5], "texture": "#0"},
				"west": {"uv": [0, 12, 1, 12.5], "texture": "#0"},
				"up": {"uv": [0, 1, 0, 0], "texture": "#0"},
				"down": {"uv": [0, 0, 0, 1], "texture": "#0"}
			}
		},
		{
			"from": [4, 8.75, 4],
			"to": [13, 8.75, 13],
			"faces": {
				"north": {"uv": [0, 0, 4.5, 0], "texture": "#0"},
				"east": {"uv": [0, 0, 4.5, 0], "texture": "#0"},
				"south": {"uv": [0, 0, 4.5, 0], "texture": "#0"},
				"west": {"uv": [0, 0, 4.5, 0], "texture": "#0"},
				"up": {"uv": [0, 0, 4.5, 4.5], "texture": "#0"},
				"down": {"uv": [0, 0, 4.5, 4.5], "texture": "#0"}
			}
		},
		{
			"from": [3.75, 7.5, 3.25],
			"to": [13.25, 8.5, 3.25],
			"faces": {
				"north": {"uv": [8, 14.5, 12.75, 15], "texture": "#0"},
				"east": {"uv": [8, 14.5, 12.75, 15], "texture": "#0"},
				"south": {"uv": [8, 14.5, 12.75, 15], "texture": "#0"},
				"west": {"uv": [8, 14.5, 12.75, 15], "texture": "#0"},
				"up": {"uv": [8, 14.5, 12.75, 15], "texture": "#0"},
				"down": {"uv": [8, 14.5, 12.75, 15], "texture": "#0"}
			}
		},
		{
			"from": [3.75, 7.5, 3.25],
			"to": [3.75, 8.5, 10],
			"faces": {
				"north": {"uv": [0, 14, 3.375, 14.5], "texture": "#0"},
				"east": {"uv": [0, 14, 3.375, 14.5], "texture": "#0"},
				"south": {"uv": [0, 14, 3.375, 14.5], "texture": "#0"},
				"west": {"uv": [3.375, 14, 0, 14.5], "texture": "#0"},
				"up": {"uv": [0, 14, 3.375, 14.5], "texture": "#0"},
				"down": {"uv": [0, 14, 3.375, 14.5], "texture": "#0"}
			}
		},
		{
			"from": [13.25, 7.5, 3.25],
			"to": [13.25, 8.5, 10],
			"faces": {
				"north": {"uv": [12, 15, 15.375, 15.5], "texture": "#0"},
				"east": {"uv": [12, 15, 15.375, 15.5], "texture": "#0"},
				"south": {"uv": [12, 15, 15.375, 15.5], "texture": "#0"},
				"west": {"uv": [15.375, 15, 12, 15.5], "texture": "#0"},
				"up": {"uv": [12, 15, 15.375, 15.5], "texture": "#0"},
				"down": {"uv": [12, 15, 15.375, 15.5], "texture": "#0"}
			}
		}
	],
	"display": {
		"thirdperson_righthand": {
			"translation": [-0.25, 0, -1],
			"scale": [0.57, 0.57, 0.57]
		},
		"thirdperson_lefthand": {
			"translation": [-0.25, 0, -1],
			"scale": [0.57, 0.57, 0.57]
		},
		"firstperson_righthand": {
			"translation": [2.5, 0.5, -3.5],
			"scale": [1.49, 1.49, 0.96]
		},
		"firstperson_lefthand": {
			"translation": [4.75, 1, -1.5],
			"scale": [1.49, 1.49, 0.96]
		},
		"ground": {
			"scale": [0.72, 0.72, 0.72]
		},
		"gui": {
			"rotation": [12, 146, 0],
			"translation": [0.5, 0, 0]
		},
		"head": {
			"translation": [-0.75, 3, -0.75],
			"scale": [1.62, 1.59, 1.62]
		},
		"fixed": {
			"rotation": [-89, 0, 0],
			"translation": [0, 0, -2.5]
		}
	},
	"groups": [
		{
			"name": "group",
			"origin": [0, 0, 0],
			"color": 0,
			"children": [0, 1, 2, 3, 4, 5, 6, 7]
		},
		{
			"name": "hat",
			"origin": [0, 0, 0],
			"color": 0,
			"children": [8, 9, 10, 11, 12, 13, 14, 15, 16, 17, 18, 19]
		}
	]
}